CHISQ,CHR,DF,END,F_A,F_U,HAPLOTYPE,LENGTH,LOCUS,P,SIZE,SNPS,START
13.19,21,2.0,35444498,,,OMNIBUS,17643,21:35426855-35444498,0.00137,2.0,rs2834371|rs4817616,35426855
12.55,21,2.0,43354828,,,OMNIBUS,5788,21:43349040-43354828,0.001884,2.0,rs7280126|rs8132865,43349040
14.55,21,3.0,28057502,,,OMNIBUS,31003,21:28026499-28057502,0.002249,2.0,rs2830322|rs2830377,28026499
16.34,21,4.0,28066700,,,OMNIBUS,40201,21:28026499-28066700,0.002597,4.0,rs2830322|rs2830377|rs2830400|rs2830402,28026499
15.91,21,4.0,28064877,,,OMNIBUS,38378,21:28026499-28064877,0.003146,3.0,rs2830322|rs2830377|rs2830400,28026499
11.15,21,2.0,16568524,,,OMNIBUS,2174,21:16566350-16568524,0.003787,2.0,rs2823130|rs7275695,16566350
16.06,21,5.0,35506430,,,OMNIBUS,79575,21:35426855-35506430,0.006675,3.0,rs2834371|rs4817616|rs2834385,35426855
15.83,21,5.0,43413553,,,OMNIBUS,64513,21:43349040-43413553,0.007361,3.0,rs7280126|rs8132865|rs871546,43349040
20.74,21,8.0,16646778,,,OMNIBUS,80428,21:16566350-16646778,0.007869,4.0,rs2823130|rs7275695|rs2823188|rs2823194,16566350
16.93,21,6.0,28070696,,,OMNIBUS,44197,21:28026499-28070696,0.009547,5.0,rs2830322|rs2830377|rs2830400|rs2830402|rs773,28026499
9.276,21,2.0,28139912,,,OMNIBUS,30088,21:28109824-28139912,0.009676,2.0,rs2830442|rs2830481,28109824
14.65,21,5.0,41986158,,,OMNIBUS,64198,21:41921960-41986158,0.01198,3.0,rs2837699|rs463424|rs2837748,41921960
15.98,21,6.0,28072259,,,OMNIBUS,45760,21:28026499-28072259,0.01388,6.0,rs2830322|rs2830377|rs2830400|rs2830402|rs773|rs2830412,28026499
10.42,21,3.0,30458754,,,OMNIBUS,226919,21:30231835-30458754,0.01532,4.0,rs2266561|rs2245280|rs2832146|rs8133819,30231835
8.006,21,2.0,26860307,,,OMNIBUS,74000,21:26786307-26860307,0.01826,2.0,rs2829735|rs2829775,26786307
9.754,21,3.0,43682686,,,OMNIBUS,87134,21:43595552-43682686,0.02078,2.0,rs8133852|rs225385,43595552
17.8,21,8.0,43422525,,,OMNIBUS,73485,21:43349040-43422525,0.0228,4.0,rs7280126|rs8132865|rs871546|rs928874,43349040
17.45,21,8.0,42343159,,,OMNIBUS,37062,21:42306097-42343159,0.02571,4.0,rs7283892|rs2837882|rs2837887|rs2150422,42306097
20.34,21,10.0,43311985,,,OMNIBUS,94716,21:43217269-43311985,0.02617,5.0,rs2838123|rs7281150|rs17766531|rs4920082|rs4919988,43217269
7.133,21,2.0,42069068,,,OMNIBUS,1127,21:42067941-42069068,0.02825,2.0,rs6517607|rs12152040,42067941
18.08,21,9.0,35545060,,,OMNIBUS,118205,21:35426855-35545060,0.03425,4.0,rs2834371|rs4817616|rs2834385|rs2834395,35426855
12.0,21,5.0,16629033,,,OMNIBUS,62683,21:16566350-16629033,0.03482,3.0,rs2823130|rs7275695|rs2823188,16566350
13.28,21,6.0,41204047,,,OMNIBUS,61452,21:41142595-41204047,0.03881,5.0,rs2837196|rs2837205|rs2837220|rs1984023|rs459814,41142595
28.47,21,17.0,43333005,,,OMNIBUS,115736,21:43217269-43333005,0.03977,7.0,rs2838123|rs7281150|rs17766531|rs4920082|rs4919988|rs9984905|rs434919,43217269
6.292,21,2.0,46792102,,,OMNIBUS,3803,21:46788299-46792102,0.04302,2.0,rs6518232|rs2183593,46788299
9.828,21,4.0,42110235,,,OMNIBUS,42294,21:42067941-42110235,0.04342,3.0,rs6517607|rs12152040|rs2837801,42067941
12.95,21,6.0,42168191,,,OMNIBUS,100250,21:42067941-42168191,0.0439,4.0,rs6517607|rs12152040|rs2837801|rs736977,42067941
22.29,21,13.0,35551600,,,OMNIBUS,124745,21:35426855-35551600,0.05102,5.0,rs2834371|rs4817616|rs2834385|rs2834395|rs9976404,35426855
12.48,21,6.0,41220264,,,OMNIBUS,77669,21:41142595-41220264,0.05203,6.0,rs2837196|rs2837205|rs2837220|rs1984023|rs459814|rs2837250,41142595
10.9,21,5.0,43689491,,,OMNIBUS,93939,21:43595552-43689491,0.05342,3.0,rs8133852|rs225385|rs532345,43595552
13.86,21,7.0,43297887,,,OMNIBUS,80618,21:43217269-43297887,0.05381,4.0,rs2838123|rs7281150|rs17766531|rs4920082,43217269
23.38,21,14.0,44437142,,,OMNIBUS,264333,21:44172809-44437142,0.05429,6.0,rs2051402|rs2839585|rs8132468|rs2839613|rs234692|rs3737434,44172809
10.8,21,5.0,43689870,,,OMNIBUS,94318,21:43595552-43689870,0.05547,4.0,rs8133852|rs225385|rs532345|rs691687,43595552
7.535,21,3.0,41146524,,,OMNIBUS,3929,21:41142595-41146524,0.05667,2.0,rs2837196|rs2837205,41142595
9.106,21,4.0,42312399,,,OMNIBUS,6302,21:42306097-42312399,0.0585,3.0,rs7283892|rs2837882|rs2837887,42306097
12.05,21,6.0,34041526,,,OMNIBUS,129144,21:33912382-34041526,0.06084,3.0,rs6517104|rs2833921|rs844996,33912382
10.51,21,5.0,46124056,,,OMNIBUS,123102,21:46000954-46124056,0.06195,3.0,rs465360|rs2838622|rs2250930,46000954
7.303,21,3.0,36297178,,,OMNIBUS,11267,21:36285911-36297178,0.06285,3.0,rs9984470|rs2834676|rs4817699,36285911
7.298,21,3.0,21388493,,,OMNIBUS,63844,21:21324649-21388493,0.06299,2.0,rs2825924|rs2825943,21324649
5.361,21,2.0,22253357,,,OMNIBUS,35744,21:22217613-22253357,0.06852,2.0,rs1009164|rs2826582,22217613
25.0,21,16.0,44448718,,,OMNIBUS,275909,21:44172809-44448718,0.06989,7.0,rs2051402|rs2839585|rs8132468|rs2839613|rs234692|rs3737434|rs2839627,44172809
21.05,21,13.0,16664777,,,OMNIBUS,98427,21:16566350-16664777,0.07188,5.0,rs2823130|rs7275695|rs2823188|rs2823194|rs2823209,16566350
18.43,21,11.0,43435406,,,OMNIBUS,86366,21:43349040-43435406,0.07219,5.0,rs7280126|rs8132865|rs871546|rs928874|rs2839437,43349040
5.243,21,2.0,23199607,,,OMNIBUS,75518,21:23124089-23199607,0.0727,2.0,rs1735970|rs2827086,23124089
5.236,21,2.0,46542670,,,OMNIBUS,11518,21:46531152-46542670,0.07296,2.0,rs447656|rs385674,46531152
6.87,21,3.0,23234334,,,OMNIBUS,110245,21:23124089-23234334,0.07615,3.0,rs1735970|rs2827086|rs2776120,23124089
22.12,21,14.0,25441897,,,OMNIBUS,71200,21:25370697-25441897,0.07623,6.0,rs2828682|rs1910635|rs1910670|rs2186439|rs2828777|rs1783354,25370697
8.383,21,4.0,41160938,,,OMNIBUS,18343,21:41142595-41160938,0.07853,3.0,rs2837196|rs2837205|rs2837220,41142595
9.732,21,5.0,41192203,,,OMNIBUS,49608,21:41142595-41192203,0.08321,4.0,rs2837196|rs2837205|rs2837220|rs1984023,41142595
6.638,21,3.0,27391459,,,OMNIBUS,16855,21:27374604-27391459,0.08438,2.0,rs7278838|rs2830008,27374604
6.594,21,3.0,43283435,,,OMNIBUS,66166,21:43217269-43283435,0.08603,2.0,rs2838123|rs7281150,43217269
9.566,21,5.0,19335631,,,OMNIBUS,14428,21:19321203-19335631,0.08849,3.0,rs197581|rs200801|rs2254434,19321203
4.826,21,2.0,44779680,,,OMNIBUS,337,21:44779343-44779680,0.08954,2.0,rs681210|rs496300,44779343
6.471,21,3.0,43789854,,,OMNIBUS,12182,21:43777672-43789854,0.09083,2.0,rs178740|rs2839490,43777672
22.68,21,15.0,43319043,,,OMNIBUS,101774,21:43217269-43319043,0.09128,6.0,rs2838123|rs7281150|rs17766531|rs4920082|rs4919988|rs9984905,43217269
6.436,21,3.0,33959721,,,OMNIBUS,47339,21:33912382-33959721,0.09222,2.0,rs6517104|rs2833921,33912382
6.384,21,3.0,46792424,,,OMNIBUS,4125,21:46788299-46792424,0.09437,3.0,rs6518232|rs2183593|rs4819077,46788299
4.705,21,2.0,37620240,,,OMNIBUS,16587,21:37603653-37620240,0.09515,2.0,rs2070515|rs2239571,37603653
10.75,21,6.0,19369001,,,OMNIBUS,47798,21:19321203-19369001,0.09658,4.0,rs197581|rs200801|rs2254434|rs158081,19321203
32.13,21,23.0,44487404,,,OMNIBUS,314595,21:44172809-44487404,0.09742,8.0,rs2051402|rs2839585|rs8132468|rs2839613|rs234692|rs3737434|rs2839627|rs2851391,44172809
6.294,21,3.0,27255117,,,OMNIBUS,335641,21:26919476-27255117,0.09816,2.0,rs2829793|rs3787620,26919476
4.615,21,2.0,41578375,,,OMNIBUS,3217,21:41575158-41578375,0.09952,2.0,rs2178849|rs1554937,41575158
34.36,21,25.0,44508020,,,OMNIBUS,335211,21:44172809-44508020,0.1003,9.0,rs2051402|rs2839585|rs8132468|rs2839613|rs234692|rs3737434|rs2839627|rs2851391|rs2027745,44172809
11.96,21,7.0,29248545,,,OMNIBUS,118935,21:29129610-29248545,0.1019,6.0,rs3844464|rs2831166|rs181706|rs243698|rs2831178|rs2831208,29129610
10.47,21,6.0,25427744,,,OMNIBUS,57047,21:25370697-25427744,0.1062,3.0,rs2828682|rs1910635|rs1910670,25370697
6.098,21,3.0,44237544,,,OMNIBUS,64735,21:44172809-44237544,0.1069,2.0,rs2051402|rs2839585,44172809
23.26,21,16.0,43438674,,,OMNIBUS,89634,21:43349040-43438674,0.1069,6.0,rs7280126|rs8132865|rs871546|rs928874|rs2839437|rs220198,43349040
6.005,21,3.0,47550754,,,OMNIBUS,11794,21:47538960-47550754,0.1114,3.0,rs2839110|rs2839112|rs2839117,47538960
4.349,21,2.0,43067245,,,OMNIBUS,36969,21:43030276-43067245,0.1137,2.0,rs7280734|rs2247788,43030276
15.49,21,10.0,25434251,,,OMNIBUS,63554,21:25370697-25434251,0.1152,5.0,rs2828682|rs1910635|rs1910670|rs2186439|rs2828777,25370697
23.96,21,17.0,25028033,,,OMNIBUS,159411,21:24868622-25028033,0.1205,8.0,rs2828200|rs2828214|rs2828242|rs2212575|rs2828264|rs2828268|rs2828314|rs2828381,24868622
5.804,21,3.0,37558042,,,OMNIBUS,50541,21:37507501-37558042,0.1216,2.0,rs8133052|rs1573306,37507501
10.05,21,6.0,21426885,,,OMNIBUS,102236,21:21324649-21426885,0.1228,3.0,rs2825924|rs2825943|rs2825977,21324649
5.768,21,3.0,29180149,,,OMNIBUS,50539,21:29129610-29180149,0.1235,2.0,rs3844464|rs2831166,29129610
5.726,21,3.0,41223908,,,OMNIBUS,97221,21:41126687-41223908,0.1257,3.0,rs2837156|rs2837237|rs386095,41126687
8.585,21,5.0,43285830,,,OMNIBUS,68561,21:43217269-43285830,0.1268,3.0,rs2838123|rs7281150|rs17766531,43217269
7.167,21,4.0,36462734,,,OMNIBUS,28771,21:36433963-36462734,0.1273,3.0,rs928282|rs2834744|rs7281007,36433963
5.68,21,3.0,25211216,,,OMNIBUS,79233,21:25131983-25211216,0.1283,3.0,rs2828513|rs207465|rs207481,25131983
5.669,21,3.0,17819036,,,OMNIBUS,2241,21:17816795-17819036,0.1289,2.0,rs1349227|rs2823809,17816795
13.78,21,9.0,22743803,,,OMNIBUS,189164,21:22554639-22743803,0.1305,5.0,rs2826721|rs2826745|rs2826754|rs1373484|rs1016173,22554639
5.604,21,3.0,41581684,,,OMNIBUS,6526,21:41575158-41581684,0.1326,3.0,rs2178849|rs1554937|rs2837506,41575158
9.781,21,6.0,27397607,,,OMNIBUS,23003,21:27374604-27397607,0.1342,3.0,rs7278838|rs2830008|rs2830012,27374604
23.45,21,17.0,28022267,,,OMNIBUS,131936,21:27890331-28022267,0.1351,8.0,rs369515|rs222956|rs222966|rs222980|rs2187224|rs366344|rs1354661|rs465446,27890331
3.869,21,2.0,42307342,,,OMNIBUS,1245,21:42306097-42307342,0.1445,2.0,rs7283892|rs2837882,42306097
8.145,21,5.0,28494440,,,OMNIBUS,75387,21:28419053-28494440,0.1484,3.0,rs633502|rs2830698|rs2830713,28419053
6.682,21,4.0,28477886,,,OMNIBUS,41755,21:28436131-28477886,0.1537,3.0,rs12481871|rs2830663|rs2830694,28436131
5.25,21,3.0,35987882,,,OMNIBUS,12412,21:35975470-35987882,0.1544,2.0,rs743302|rs765610,35975470
3.655,21,2.0,36571004,,,OMNIBUS,16061,21:36554943-36571004,0.1608,2.0,rs9978236|rs8126845,36554943
14.24,21,10.0,47698343,,,OMNIBUS,159383,21:47538960-47698343,0.1625,6.0,rs2839110|rs2839112|rs2839117|rs1980983|rs2839179|rs2839193,47538960
3.511,21,2.0,28225582,,,OMNIBUS,2490,21:28223092-28225582,0.1729,2.0,rs229100|rs9305294,28223092
4.978,21,3.0,41966619,,,OMNIBUS,44659,21:41921960-41966619,0.1734,2.0,rs2837699|rs463424,41921960
9.003,21,6.0,33947780,,,OMNIBUS,78340,21:33869440-33947780,0.1734,3.0,rs2833854|rs2833876|rs2833907,33869440
3.469,21,2.0,24720653,,,OMNIBUS,23671,21:24696982-24720653,0.1765,2.0,rs2828068|rs12483180,24696982
3.469,21,2.0,39523464,,,OMNIBUS,19108,21:39504356-39523464,0.1765,2.0,rs2836162|rs9647177,39504356
13.92,21,10.0,21543190,,,OMNIBUS,218541,21:21324649-21543190,0.1768,4.0,rs2825924|rs2825943|rs2825977|rs2826059,21324649
3.447,21,2.0,47544388,,,OMNIBUS,5428,21:47538960-47544388,0.1785,2.0,rs2839110|rs2839112,47538960
3.439,21,2.0,24887840,,,OMNIBUS,19218,21:24868622-24887840,0.1792,2.0,rs2828200|rs2828214,24868622
3.438,21,2.0,41197857,,,OMNIBUS,71170,21:41126687-41197857,0.1793,2.0,rs2837156|rs2837237,41126687
10.14,21,7.0,35783219,,,OMNIBUS,47053,21:35736166-35783219,0.1805,3.0,rs13048252|rs2834473|rs2834479,35736166
12.6,21,9.0,46141787,,,OMNIBUS,140833,21:46000954-46141787,0.1816,4.0,rs465360|rs2838622|rs2250930|rs235289,46000954
3.409,21,2.0,15685452,,,OMNIBUS,14428,21:15671024-15685452,0.1818,2.0,rs2822557|rs887772,15671024
4.864,21,3.0,28481280,,,OMNIBUS,62227,21:28419053-28481280,0.182,2.0,rs633502|rs2830698,28419053
12.55,21,9.0,22984486,,,OMNIBUS,92358,21:22892128-22984486,0.184,4.0,rs2826877|rs2826893|rs1785688|rs2826912,22892128
4.813,21,3.0,25412715,,,OMNIBUS,42018,21:25370697-25412715,0.186,2.0,rs2828682|rs1910635,25370697
11.24,21,8.0,19403222,,,OMNIBUS,82019,21:19321203-19403222,0.1885,5.0,rs197581|rs200801|rs2254434|rs158081|rs157740,19321203
6.034,21,4.0,15687493,,,OMNIBUS,16469,21:15671024-15687493,0.1966,3.0,rs2822557|rs887772|rs8131875,15671024
8.545,21,6.0,42016014,,,OMNIBUS,94054,21:41921960-42016014,0.2008,4.0,rs2837699|rs463424|rs2837748|rs2205137,41921960
7.274,21,5.0,23235604,,,OMNIBUS,111515,21:23124089-23235604,0.201,4.0,rs1735970|rs2827086|rs2776120|rs2254476,23124089
3.184,21,2.0,32220058,,,OMNIBUS,1577,21:32218481-32220058,0.2035,2.0,rs4817363|rs2833130,32218481
7.208,21,5.0,41604319,,,OMNIBUS,29161,21:41575158-41604319,0.2057,5.0,rs2178849|rs1554937|rs2837506|rs424372|rs2837521,41575158
15.66,21,12.0,28008346,,,OMNIBUS,118015,21:27890331-28008346,0.2073,7.0,rs369515|rs222956|rs222966|rs222980|rs2187224|rs366344|rs1354661,27890331
8.439,21,6.0,47558994,,,OMNIBUS,20034,21:47538960-47558994,0.2076,4.0,rs2839110|rs2839112|rs2839117|rs1980983,47538960
4.518,21,3.0,29850549,,,OMNIBUS,38468,21:29812081-29850549,0.2107,2.0,rs2254751|rs2831845,29812081
7.104,21,5.0,41601422,,,OMNIBUS,26264,21:41575158-41601422,0.213,4.0,rs2178849|rs1554937|rs2837506|rs424372,41575158
3.073,21,2.0,45764397,,,OMNIBUS,6492,21:45757905-45764397,0.2151,2.0,rs2070572|rs2838551,45757905
7.073,21,5.0,22624941,,,OMNIBUS,70302,21:22554639-22624941,0.2152,3.0,rs2826721|rs2826745|rs2826754,22554639
4.454,21,3.0,21698075,,,OMNIBUS,21101,21:21676974-21698075,0.2164,2.0,rs2032203|rs2826174,21676974
5.773,21,4.0,37622498,,,OMNIBUS,18845,21:37603653-37622498,0.2167,3.0,rs2070515|rs2239571|rs3787732,37603653
4.428,21,3.0,36436615,,,OMNIBUS,2652,21:36433963-36436615,0.2188,2.0,rs928282|rs2834744,36433963
5.727,21,4.0,36576601,,,OMNIBUS,21658,21:36554943-36576601,0.2205,4.0,rs9978236|rs8126845|rs2834831|rs2248159,36554943
4.383,21,3.0,45172628,,,OMNIBUS,38760,21:45133868-45172628,0.223,2.0,rs4819296|rs2010795,45133868
2.996,21,2.0,19487468,,,OMNIBUS,3330,21:19484138-19487468,0.2236,2.0,rs1491781|rs2824630,19484138
8.158,21,6.0,34216217,,,OMNIBUS,303835,21:33912382-34216217,0.2267,4.0,rs6517104|rs2833921|rs844996|rs2833972,33912382
5.645,21,4.0,44795084,,,OMNIBUS,15741,21:44779343-44795084,0.2273,3.0,rs681210|rs496300|rs541476,44779343
4.279,21,3.0,27168049,,,OMNIBUS,179395,21:26988654-27168049,0.2328,2.0,rs7276984|rs2829910,26988654
15.14,21,12.0,28002707,,,OMNIBUS,112376,21:27890331-28002707,0.234,6.0,rs369515|rs222956|rs222966|rs222980|rs2187224|rs366344,27890331
2.903,21,2.0,16189981,,,OMNIBUS,44220,21:16145761-16189981,0.2343,2.0,rs2822924|rs2822942,16145761
2.876,21,2.0,39861730,,,OMNIBUS,9334,21:39852396-39861730,0.2374,2.0,rs1041795|rs2836436,39852396
7.923,21,6.0,33367733,,,OMNIBUS,31545,21:33336188-33367733,0.2438,4.0,rs2833584|rs2211678|rs2032084|rs2833595,33336188
4.138,21,3.0,35672918,,,OMNIBUS,38332,21:35634586-35672918,0.2469,2.0,rs6517221|rs2834439,35634586
10.24,21,8.0,35716371,,,OMNIBUS,81785,21:35634586-35716371,0.2486,4.0,rs6517221|rs2834439|rs2834440|rs2834461,35634586
6.621,21,5.0,37568703,,,OMNIBUS,61202,21:37507501-37568703,0.2504,3.0,rs8133052|rs1573306|rs2835314,37507501
2.758,21,2.0,36294342,,,OMNIBUS,8431,21:36285911-36294342,0.2518,2.0,rs9984470|rs2834676,36285911
2.724,21,2.0,32847298,,,OMNIBUS,28546,21:32818752-32847298,0.2561,2.0,rs577738|rs2833418,32818752
7.743,21,6.0,24936629,,,OMNIBUS,68007,21:24868622-24936629,0.2575,4.0,rs2828200|rs2828214|rs2828242|rs2212575,24868622
5.278,21,4.0,33186188,,,OMNIBUS,39367,21:33146821-33186188,0.26,3.0,rs204750|rs10483007|rs7275656,33146821
3.989,21,3.0,16295354,,,OMNIBUS,55417,21:16239937-16295354,0.2626,2.0,rs2178998|rs2256417,16239937
7.649,21,6.0,41645484,,,OMNIBUS,70326,21:41575158-41645484,0.265,6.0,rs2178849|rs1554937|rs2837506|rs424372|rs2837521|rs2837545,41575158
6.422,21,5.0,36595108,,,OMNIBUS,40165,21:36554943-36595108,0.2673,5.0,rs9978236|rs8126845|rs2834831|rs2248159|rs2064056,36554943
12.27,21,10.0,25433818,,,OMNIBUS,63121,21:25370697-25433818,0.2676,4.0,rs2828682|rs1910635|rs1910670|rs2186439,25370697
12.26,21,10.0,43716022,,,OMNIBUS,120470,21:43595552-43716022,0.2682,5.0,rs8133852|rs225385|rs532345|rs691687|rs3788010,43595552
3.932,21,3.0,44730990,,,OMNIBUS,10844,21:44720146-44730990,0.2689,2.0,rs2051405|rs502993,44720146
3.914,21,3.0,36147604,,,OMNIBUS,20274,21:36127330-36147604,0.2709,2.0,rs7282726|rs2211702,36127330
5.143,21,4.0,38191874,,,OMNIBUS,21395,21:38170479-38191874,0.273,3.0,rs3827187|rs1041832|rs8134293,38170479
3.829,21,3.0,46086377,,,OMNIBUS,85423,21:46000954-46086377,0.2805,2.0,rs465360|rs2838622,46000954
5.064,21,4.0,44731138,,,OMNIBUS,10992,21:44720146-44731138,0.2807,3.0,rs2051405|rs502993|rs504022,44720146
5.043,21,4.0,25211674,,,OMNIBUS,79691,21:25131983-25211674,0.2829,4.0,rs2828513|rs207465|rs207481|rs2828544,25131983
6.178,21,5.0,29201063,,,OMNIBUS,71453,21:29129610-29201063,0.2892,3.0,rs3844464|rs2831166|rs181706,29129610
2.475,21,2.0,42516192,,,OMNIBUS,4274,21:42511918-42516192,0.2901,2.0,rs2837960|rs2007397,42511918
6.167,21,5.0,44248038,,,OMNIBUS,75229,21:44172809-44248038,0.2903,3.0,rs2051402|rs2839585|rs8132468,44172809
3.718,21,3.0,16054626,,,OMNIBUS,42524,21:16012102-16054626,0.2936,2.0,rs463266|rs455547,16012102
12.99,21,11.0,25779132,,,OMNIBUS,182362,21:25596770-25779132,0.2942,5.0,rs2828923|rs2828936|rs2828958|rs2829026|rs2829045,25596770
6.117,21,5.0,29213323,,,OMNIBUS,83713,21:29129610-29213323,0.295,5.0,rs3844464|rs2831166|rs181706|rs243698|rs2831178,29129610
8.436,21,7.0,27287924,,,OMNIBUS,368448,21:26919476-27287924,0.2957,3.0,rs2829793|rs3787620|rs214488,26919476
20.67,21,18.0,22842175,,,OMNIBUS,287536,21:22554639-22842175,0.2963,7.0,rs2826721|rs2826745|rs2826754|rs1373484|rs1016173|rs232407|rs2826856,22554639
2.423,21,2.0,38889975,,,OMNIBUS,138111,21:38751864-38889975,0.2978,2.0,rs2835708|rs2835776,38751864
2.41,21,2.0,30968113,,,OMNIBUS,9364,21:30958749-30968113,0.2997,2.0,rs363478|rs363472,30958749
15.1,21,13.0,15676336,,,OMNIBUS,76373,21:15599963-15676336,0.301,7.0,rs2822447|rs2822504|rs380011|rs417214|rs2013669|rs2822520|rs980268,15599963
10.63,21,9.0,47681041,,,OMNIBUS,142081,21:47538960-47681041,0.3016,5.0,rs2839110|rs2839112|rs2839117|rs1980983|rs2839179,47538960
2.37,21,2.0,19561355,,,OMNIBUS,34306,21:19527049-19561355,0.3057,2.0,rs11088668|rs2824699,19527049
2.343,21,2.0,33339340,,,OMNIBUS,3152,21:33336188-33339340,0.3099,2.0,rs2833584|rs2211678,33336188
2.332,21,2.0,21861047,,,OMNIBUS,8078,21:21852969-21861047,0.3116,2.0,rs2826303|rs2826324,21852969
3.567,21,3.0,46621106,,,OMNIBUS,133204,21:46487902-46621106,0.3122,2.0,rs2838763|rs2838808,46487902
2.321,21,2.0,19011263,,,OMNIBUS,42943,21:18968320-19011263,0.3133,2.0,rs9977638|rs1494935,18968320
5.914,21,5.0,29207605,,,OMNIBUS,77995,21:29129610-29207605,0.3147,4.0,rs3844464|rs2831166|rs181706|rs243698,29129610
12.65,21,11.0,31694642,,,OMNIBUS,125938,21:31568704-31694642,0.3165,8.0,rs1943954|rs524662|rs1893089|rs2832747|rs2832753|rs2832781|rs2832790|rs2832795,31568704
2.283,21,2.0,41370818,,,OMNIBUS,314,21:41370504-41370818,0.3194,2.0,rs2142090|rs1474488,41370504
19.13,21,17.0,47818298,,,OMNIBUS,279338,21:47538960-47818298,0.3212,8.0,rs2839110|rs2839112|rs2839117|rs1980983|rs2839179|rs2839193|rs9980536|rs2073382,47538960
3.469,21,3.0,32855150,,,OMNIBUS,36398,21:32818752-32855150,0.3248,3.0,rs577738|rs2833418|rs2833426,32818752
5.812,21,5.0,35690499,,,OMNIBUS,55913,21:35634586-35690499,0.3249,3.0,rs6517221|rs2834439|rs2834440,35634586
26.5,21,24.0,48072916,,,OMNIBUS,533956,21:47538960-48072916,0.3282,14.0,rs2839110|rs2839112|rs2839117|rs1980983|rs2839179|rs2839193|rs9980536|rs2073382|rs2839265|rs2078203|rs1023355|rs7279991|rs2839327|rs2839376,47538960
9.095,21,8.0,27298769,,,OMNIBUS,379293,21:26919476-27298769,0.3343,4.0,rs2829793|rs3787620|rs214488|rs383700,26919476
5.718,21,5.0,22870063,,,OMNIBUS,48420,21:22821643-22870063,0.3346,3.0,rs2826844|rs1993668|rs2826865,22821643
24.11,21,22.0,34506306,,,OMNIBUS,126682,21:34379624-34506306,0.3417,10.0,rs762236|rs2834070|rs762178|rs2834072|rs2834077|rs8131457|rs7283689|rs6517142|rs2834090|rs2834098,34379624
5.636,21,5.0,22418246,,,OMNIBUS,82738,21:22335508-22418246,0.3433,3.0,rs10482915|rs7509723|rs7275959,22335508
4.488,21,4.0,40066241,,,OMNIBUS,58537,21:40007704-40066241,0.344,3.0,rs459094|rs2836604|rs1475878,40007704
10.06,21,9.0,37375643,,,OMNIBUS,65287,21:37310356-37375643,0.346,7.0,rs2835165|rs2178812|rs2835189|rs2835195|rs8126759|rs2835223|rs2835228,37310356
3.284,21,3.0,40041295,,,OMNIBUS,33591,21:40007704-40041295,0.3498,2.0,rs459094|rs2836604,40007704
11.07,21,10.0,16361057,,,OMNIBUS,121120,21:16239937-16361057,0.3522,4.0,rs2178998|rs2256417|rs2178894|rs2822994,16239937
3.261,21,3.0,19333646,,,OMNIBUS,12443,21:19321203-19333646,0.3531,2.0,rs197581|rs200801,19321203
3.257,21,3.0,32224934,,,OMNIBUS,6453,21:32218481-32224934,0.3537,3.0,rs4817363|rs2833130|rs2833135,32218481
9.943,21,9.0,36483159,,,OMNIBUS,49196,21:36433963-36483159,0.3551,6.0,rs928282|rs2834744|rs7281007|rs984659|rs2834763|rs2834772,36433963
27.0,21,25.0,18386252,,,OMNIBUS,126449,21:18259803-18386252,0.3558,10.0,rs430852|rs421241|rs4818307|rs2824143|rs2243684|rs12152108|rs2824153|rs1014604|rs2205428|rs2142266,18259803
7.739,21,7.0,37349212,,,OMNIBUS,38856,21:37310356-37349212,0.3562,5.0,rs2835165|rs2178812|rs2835189|rs2835195|rs8126759,37310356
3.239,21,3.0,39336933,,,OMNIBUS,13625,21:39323308-39336933,0.3562,2.0,rs2836060|rs2186343,39323308
3.235,21,3.0,32227792,,,OMNIBUS,9311,21:32218481-32227792,0.3568,4.0,rs4817363|rs2833130|rs2833135|rs2833138,32218481
4.377,21,4.0,32858421,,,OMNIBUS,39669,21:32818752-32858421,0.3573,4.0,rs577738|rs2833418|rs2833426|rs2833427,32818752
12.07,21,11.0,47419012,,,OMNIBUS,397228,21:47021784-47419012,0.3584,5.0,rs2838965|rs2839013|rs3827268|rs2150458|rs4819179,47021784
2.037,21,2.0,42415174,,,OMNIBUS,11157,21:42404017-42415174,0.3611,2.0,rs2183582|rs2837907,42404017
3.201,21,3.0,40430479,,,OMNIBUS,14312,21:40416167-40430479,0.3617,3.0,rs8128695|rs2242936|rs406189,40416167
6.57,21,6.0,45199738,,,OMNIBUS,65870,21:45133868-45199738,0.3624,3.0,rs4819296|rs2010795|rs4819314,45133868
5.438,21,5.0,32881688,,,OMNIBUS,48218,21:32833470-32881688,0.3648,3.0,rs6517036|rs2252208|rs2284543,32833470
2.008,21,2.0,41334028,,,OMNIBUS,281,21:41333747-41334028,0.3664,2.0,rs4610145|rs2837331,41333747
4.283,21,4.0,36572119,,,OMNIBUS,17176,21:36554943-36572119,0.3691,3.0,rs9978236|rs8126845|rs2834831,36554943
6.479,21,6.0,47377296,,,OMNIBUS,355512,21:47021784-47377296,0.3717,4.0,rs2838965|rs2839013|rs3827268|rs2150458,47021784
10.74,21,10.0,44431614,,,OMNIBUS,258805,21:44172809-44431614,0.3778,5.0,rs2051402|rs2839585|rs8132468|rs2839613|rs234692,44172809
1.944,21,2.0,43891321,,,OMNIBUS,8768,21:43882553-43891321,0.3783,2.0,rs4920107|rs4920108,43882553
10.71,21,10.0,32926897,,,OMNIBUS,93427,21:32833470-32926897,0.3806,5.0,rs6517036|rs2252208|rs2284543|rs2833444|rs6517046,32833470
5.263,21,5.0,46641017,,,OMNIBUS,153115,21:46487902-46641017,0.3847,3.0,rs2838763|rs2838808|rs2838818,46487902
3.033,21,3.0,22403814,,,OMNIBUS,68306,21:22335508-22403814,0.3865,2.0,rs10482915|rs7509723,22335508
11.68,21,11.0,31690771,,,OMNIBUS,122067,21:31568704-31690771,0.3878,7.0,rs1943954|rs524662|rs1893089|rs2832747|rs2832753|rs2832781|rs2832790,31568704
13.8,21,13.0,21583838,,,OMNIBUS,259189,21:21324649-21583838,0.3881,6.0,rs2825924|rs2825943|rs2825977|rs2826059|rs2826076|rs2826086,21324649
1.88,21,2.0,30031030,,,OMNIBUS,14178,21:30016852-30031030,0.3907,2.0,rs1236425|rs2831951,30016852
5.207,21,5.0,43530671,,,OMNIBUS,17471,21:43513200-43530671,0.3912,3.0,rs2839467|rs11203184|rs1571737,43513200
24.23,21,23.0,34480703,,,OMNIBUS,101079,21:34379624-34480703,0.3914,8.0,rs762236|rs2834070|rs762178|rs2834072|rs2834077|rs8131457|rs7283689|rs6517142,34379624
10.57,21,10.0,35721560,,,OMNIBUS,86974,21:35634586-35721560,0.3917,5.0,rs6517221|rs2834439|rs2834440|rs2834461|rs8128316,35634586
2.993,21,3.0,17531989,,,OMNIBUS,100092,21:17431897-17531989,0.3927,2.0,rs1034117|rs2823621,17431897
14.77,21,14.0,21568418,,,OMNIBUS,243769,21:21324649-21568418,0.3939,5.0,rs2825924|rs2825943|rs2825977|rs2826059|rs2826076,21324649
23.14,21,22.0,47881309,,,OMNIBUS,342349,21:47538960-47881309,0.394,10.0,rs2839110|rs2839112|rs2839117|rs1980983|rs2839179|rs2839193|rs9980536|rs2073382|rs2839265|rs2078203,47538960
5.181,21,5.0,36156012,,,OMNIBUS,28682,21:36127330-36156012,0.3942,3.0,rs7282726|rs2211702|rs2070369,36127330
6.24,21,6.0,44400829,,,OMNIBUS,228020,21:44172809-44400829,0.3968,4.0,rs2051402|rs2839585|rs8132468|rs2839613,44172809
5.152,21,5.0,44764895,,,OMNIBUS,14695,21:44750200-44764895,0.3976,3.0,rs86133|rs679348|rs609845,44750200
1.836,21,2.0,34516762,,,OMNIBUS,1752,21:34515010-34516762,0.3994,2.0,rs2834101|rs2409473,34515010
1.834,21,2.0,39637467,,,OMNIBUS,107530,21:39529937-39637467,0.3997,2.0,rs986363|rs928770,39529937
1.826,21,2.0,22012401,,,OMNIBUS,1211,21:22011190-22012401,0.4014,2.0,rs229448|rs229451,22011190
12.52,21,12.0,31719582,,,OMNIBUS,150878,21:31568704-31719582,0.4049,9.0,rs1943954|rs524662|rs1893089|rs2832747|rs2832753|rs2832781|rs2832790|rs2832795|rs2832816,31568704
2.907,21,3.0,32097126,,,OMNIBUS,60585,21:32036541-32097126,0.4062,2.0,rs2832975|rs2833043,32036541
2.885,21,3.0,34297775,,,OMNIBUS,96402,21:34201373-34297775,0.4098,2.0,rs11088230|rs2834009,34201373
12.45,21,12.0,22810767,,,OMNIBUS,256128,21:22554639-22810767,0.4102,6.0,rs2826721|rs2826745|rs2826754|rs1373484|rs1016173|rs232407,22554639
24.88,21,24.0,47982652,,,OMNIBUS,443692,21:47538960-47982652,0.4121,13.0,rs2839110|rs2839112|rs2839117|rs1980983|rs2839179|rs2839193|rs9980536|rs2073382|rs2839265|rs2078203|rs1023355|rs7279991|rs2839327,47538960
2.86,21,3.0,37498355,,,OMNIBUS,29079,21:37469276-37498355,0.4138,2.0,rs9631189|rs2212922,37469276
6.076,21,6.0,36469177,,,OMNIBUS,35214,21:36433963-36469177,0.4147,4.0,rs928282|rs2834744|rs7281007|rs984659,36433963
15.47,21,15.0,16409889,,,OMNIBUS,169952,21:16239937-16409889,0.4183,5.0,rs2178998|rs2256417|rs2178894|rs2822994|rs2248589,16239937
9.196,21,9.0,19506651,,,OMNIBUS,22513,21:19484138-19506651,0.4194,4.0,rs1491781|rs2824630|rs2824639|rs2824646,19484138
3.896,21,4.0,42416146,,,OMNIBUS,12129,21:42404017-42416146,0.4202,3.0,rs2183582|rs2837907|rs2011706,42404017
18.53,21,18.0,37866090,,,OMNIBUS,147503,21:37718587-37866090,0.4215,8.0,rs12482030|rs1906483|rs8596|rs2835346|rs4378885|rs219781|rs2249115|rs2850114,37718587
1.72,21,2.0,15936503,,,OMNIBUS,11774,21:15924729-15936503,0.4232,2.0,rs6516877|rs9980764,15924729
3.867,21,4.0,28235194,,,OMNIBUS,12102,21:28223092-28235194,0.4243,3.0,rs229100|rs9305294|rs410349,28223092
7.019,21,7.0,37639689,,,OMNIBUS,36036,21:37603653-37639689,0.4269,4.0,rs2070515|rs2239571|rs3787732|rs1041434,37603653
7.006,21,7.0,32919585,,,OMNIBUS,86115,21:32833470-32919585,0.4283,4.0,rs6517036|rs2252208|rs2284543|rs2833444,32833470
9.089,21,9.0,28356827,,,OMNIBUS,133735,21:28223092-28356827,0.4291,6.0,rs229100|rs9305294|rs410349|rs10482979|rs2830594|rs1497273,28223092
2.764,21,3.0,30975332,,,OMNIBUS,16583,21:30958749-30975332,0.4295,3.0,rs363478|rs363472|rs363456,30958749
5.933,21,6.0,36004539,,,OMNIBUS,29069,21:35975470-36004539,0.4308,3.0,rs743302|rs765610|rs2834549,35975470
2.753,21,3.0,42814521,,,OMNIBUS,12912,21:42801609-42814521,0.4313,2.0,rs466513|rs468440,42801609
5.927,21,6.0,29894545,,,OMNIBUS,82464,21:29812081-29894545,0.4314,3.0,rs2254751|rs2831845|rs2831887,29812081
11.14,21,11.0,18328191,,,OMNIBUS,68388,21:18259803-18328191,0.4315,6.0,rs430852|rs421241|rs4818307|rs2824143|rs2243684|rs12152108,18259803
3.78,21,4.0,24911391,,,OMNIBUS,42769,21:24868622-24911391,0.4365,3.0,rs2828200|rs2828214|rs2828242,24868622
10.04,21,10.0,40553845,,,OMNIBUS,64818,21:40489027-40553845,0.4369,5.0,rs2836891|rs1013129|rs2836902|rs2836912|rs6517522,40489027
1.646,21,2.0,20114643,,,OMNIBUS,72,21:20114571-20114643,0.439,2.0,rs2212783|rs2212784,20114571
2.701,21,3.0,19186614,,,OMNIBUS,32197,21:19154417-19186614,0.44,2.0,rs243587|rs12627264,19154417
8.967,21,9.0,28375935,,,OMNIBUS,152843,21:28223092-28375935,0.4403,7.0,rs229100|rs9305294|rs410349|rs10482979|rs2830594|rs1497273|rs8127336,28223092
2.699,21,3.0,28841400,,,OMNIBUS,61933,21:28779467-28841400,0.4405,2.0,rs239668|rs242299,28779467
2.685,21,3.0,41344489,,,OMNIBUS,10742,21:41333747-41344489,0.4428,3.0,rs4610145|rs2837331|rs1629521,41333747
1.618,21,2.0,30324755,,,OMNIBUS,92920,21:30231835-30324755,0.4452,3.0,rs2266561|rs2245280|rs2832146,30231835
9.928,21,10.0,36675294,,,OMNIBUS,120351,21:36554943-36675294,0.4469,7.0,rs9978236|rs8126845|rs2834831|rs2248159|rs2064056|rs10483028|rs2834889,36554943
2.659,21,3.0,44039485,,,OMNIBUS,13342,21:44026143-44039485,0.4473,2.0,rs11701162|rs387883,44026143
17.09,21,17.0,24973510,,,OMNIBUS,104888,21:24868622-24973510,0.4483,7.0,rs2828200|rs2828214|rs2828242|rs2212575|rs2828264|rs2828268|rs2828314,24868622
5.771,21,6.0,43531553,,,OMNIBUS,18353,21:43513200-43531553,0.4494,4.0,rs2839467|rs11203184|rs1571737|rs220128,43513200
7.835,21,8.0,46720010,,,OMNIBUS,232108,21:46487902-46720010,0.4497,4.0,rs2838763|rs2838808|rs2838818|rs2294171,46487902
2.637,21,3.0,42581448,,,OMNIBUS,14311,21:42567137-42581448,0.451,2.0,rs914185|rs746064,42567137
2.627,21,3.0,20415950,,,OMNIBUS,5899,21:20410051-20415950,0.4529,2.0,rs2825304|rs2825305,20410051
1.582,21,2.0,42622786,,,OMNIBUS,3037,21:42619749-42622786,0.4535,2.0,rs914187|rs1046210,42619749
10.86,21,11.0,24944202,,,OMNIBUS,75580,21:24868622-24944202,0.4554,6.0,rs2828200|rs2828214|rs2828242|rs2212575|rs2828264|rs2828268,24868622
16.95,21,17.0,24830318,,,OMNIBUS,133336,21:24696982-24830318,0.4579,8.0,rs2828068|rs12483180|rs1354479|rs1394369|rs2828136|rs9980706|rs200705|rs2828167,24696982
2.597,21,3.0,46817380,,,OMNIBUS,75250,21:46742130-46817380,0.458,2.0,rs13433469|rs4819095,46742130
7.716,21,8.0,31654448,,,OMNIBUS,85744,21:31568704-31654448,0.4617,5.0,rs1943954|rs524662|rs1893089|rs2832747|rs2832753,31568704
14.83,21,15.0,47427839,,,OMNIBUS,406055,21:47021784-47427839,0.464,6.0,rs2838965|rs2839013|rs3827268|rs2150458|rs4819179|rs7283829,47021784
1.534,21,2.0,18787176,,,OMNIBUS,12871,21:18774305-18787176,0.4643,2.0,rs1999288|rs2824292,18774305
3.577,21,4.0,33354764,,,OMNIBUS,18576,21:33336188-33354764,0.4662,3.0,rs2833584|rs2211678|rs2032084,33336188
10.72,21,11.0,36892781,,,OMNIBUS,59873,21:36832908-36892781,0.4668,5.0,rs2834939|rs2205112|rs7281771|rs2834950|rs1627997,36832908
10.72,21,11.0,18303318,,,OMNIBUS,43515,21:18259803-18303318,0.4671,5.0,rs430852|rs421241|rs4818307|rs2824143|rs2243684,18259803
2.536,21,3.0,28818560,,,OMNIBUS,96713,21:28721847-28818560,0.4688,2.0,rs239595|rs239632,28721847
4.582,21,5.0,39346333,,,OMNIBUS,23025,21:39323308-39346333,0.469,3.0,rs2836060|rs2186343|rs2836074,39323308
7.628,21,8.0,18300451,,,OMNIBUS,40648,21:18259803-18300451,0.4706,4.0,rs430852|rs421241|rs4818307|rs2824143,18259803
1.506,21,2.0,27476104,,,OMNIBUS,21109,21:27454995-27476104,0.4709,2.0,rs2830044|rs2830054,27454995
3.54,21,4.0,15774729,,,OMNIBUS,33309,21:15741420-15774729,0.4718,3.0,rs2822636|rs2822637|rs2822657,15741420
1.498,21,2.0,38183129,,,OMNIBUS,12650,21:38170479-38183129,0.4728,2.0,rs3827187|rs1041832,38170479
1.498,21,2.0,41170218,,,OMNIBUS,22814,21:41147404-41170218,0.4729,3.0,rs2837208|rs463903|rs464201,41147404
1.498,21,2.0,41165677,,,OMNIBUS,18273,21:41147404-41165677,0.4729,2.0,rs2837208|rs463903,41147404
2.512,21,3.0,22325822,,,OMNIBUS,12422,21:22313400-22325822,0.473,2.0,rs2826612|rs2826621,22313400
7.588,21,8.0,37369811,,,OMNIBUS,59455,21:37310356-37369811,0.4747,6.0,rs2835165|rs2178812|rs2835189|rs2835195|rs8126759|rs2835223,37310356
9.586,21,10.0,37452919,,,OMNIBUS,142563,21:37310356-37452919,0.4775,8.0,rs2835165|rs2178812|rs2835189|rs2835195|rs8126759|rs2835223|rs2835228|rs2835272,37310356
11.58,21,12.0,21620911,,,OMNIBUS,296262,21:21324649-21620911,0.4796,7.0,rs2825924|rs2825943|rs2825977|rs2826059|rs2826076|rs2826086|rs12626280,21324649
2.451,21,3.0,32991661,,,OMNIBUS,16340,21:32975321-32991661,0.4841,2.0,rs2409416|rs4817415,32975321
6.486,21,7.0,31646807,,,OMNIBUS,78103,21:31568704-31646807,0.4843,4.0,rs1943954|rs524662|rs1893089|rs2832747,31568704
9.509,21,10.0,29437082,,,OMNIBUS,112148,21:29324934-29437082,0.4845,5.0,rs2831270|rs2831306|rs2831314|rs6516803|rs2831447,29324934
16.53,21,17.0,24809444,,,OMNIBUS,112462,21:24696982-24809444,0.4868,7.0,rs2828068|rs12483180|rs1354479|rs1394369|rs2828136|rs9980706|rs200705,24696982
6.46,21,7.0,21867435,,,OMNIBUS,14466,21:21852969-21867435,0.4871,4.0,rs2826303|rs2826324|rs11911614|rs2826333,21852969
14.51,21,15.0,23059127,,,OMNIBUS,166999,21:22892128-23059127,0.4872,5.0,rs2826877|rs2826893|rs1785688|rs2826912|rs1980970,22892128
12.49,21,13.0,43726490,,,OMNIBUS,130938,21:43595552-43726490,0.4882,6.0,rs8133852|rs225385|rs532345|rs691687|rs3788010|rs8128478,43595552
2.418,21,3.0,47248981,,,OMNIBUS,227197,21:47021784-47248981,0.4903,2.0,rs2838965|rs2839013,47021784
7.391,21,8.0,36472289,,,OMNIBUS,38326,21:36433963-36472289,0.4951,5.0,rs928282|rs2834744|rs7281007|rs984659|rs2834763,36433963
4.386,21,5.0,31041042,,,OMNIBUS,82293,21:30958749-31041042,0.4953,4.0,rs363478|rs363472|rs363456|rs363518,30958749
8.386,21,9.0,27973721,,,OMNIBUS,83390,21:27890331-27973721,0.4957,5.0,rs369515|rs222956|rs222966|rs222980|rs2187224,27890331
6.381,21,7.0,36673573,,,OMNIBUS,118630,21:36554943-36673573,0.4961,6.0,rs9978236|rs8126845|rs2834831|rs2248159|rs2064056|rs10483028,36554943
13.37,21,14.0,47762374,,,OMNIBUS,223414,21:47538960-47762374,0.4975,7.0,rs2839110|rs2839112|rs2839117|rs1980983|rs2839179|rs2839193|rs9980536,47538960
10.35,21,11.0,28985158,,,OMNIBUS,205691,21:28779467-28985158,0.4991,6.0,rs239668|rs242299|rs7281084|rs2831006|rs1457925|rs4586714,28779467
1.389,21,2.0,40423471,,,OMNIBUS,7304,21:40416167-40423471,0.4994,2.0,rs8128695|rs2242936,40416167
7.329,21,8.0,23258743,,,OMNIBUS,134654,21:23124089-23258743,0.5015,5.0,rs1735970|rs2827086|rs2776120|rs2254476|rs1740090,23124089
2.353,21,3.0,35186743,,,OMNIBUS,303125,21:34883618-35186743,0.5024,2.0,rs8971|rs2254480,34883618
6.323,21,7.0,15646060,,,OMNIBUS,46097,21:15599963-15646060,0.5025,6.0,rs2822447|rs2822504|rs380011|rs417214|rs2013669|rs2822520,15599963
2.339,21,3.0,34526350,,,OMNIBUS,11340,21:34515010-34526350,0.505,3.0,rs2834101|rs2409473|rs2834112,34515010
1.363,21,2.0,37312721,,,OMNIBUS,2365,21:37310356-37312721,0.5059,2.0,rs2835165|rs2178812,37310356
2.321,21,3.0,43097099,,,OMNIBUS,15393,21:43081706-43097099,0.5084,2.0,rs2849692|rs9976949,43081706
6.244,21,7.0,22443631,,,OMNIBUS,108123,21:22335508-22443631,0.5116,4.0,rs10482915|rs7509723|rs7275959|rs6518065,22335508
1.317,21,2.0,21109084,,,OMNIBUS,47073,21:21062011-21109084,0.5175,2.0,rs2825750|rs1401047,21062011
4.215,21,5.0,15788373,,,OMNIBUS,46953,21:15741420-15788373,0.5189,4.0,rs2822636|rs2822637|rs2822657|rs2822662,15741420
9.082,21,10.0,33409932,,,OMNIBUS,73744,21:33336188-33409932,0.5244,5.0,rs2833584|rs2211678|rs2032084|rs2833595|rs8134939,33336188
2.231,21,3.0,16190154,,,OMNIBUS,44393,21:16145761-16190154,0.5258,3.0,rs2822924|rs2822942|rs1569338,16145761
4.166,21,5.0,43915541,,,OMNIBUS,32988,21:43882553-43915541,0.5258,3.0,rs4920107|rs4920108|rs2839538,43882553
7.085,21,8.0,30244170,,,OMNIBUS,244200,21:29999970-30244170,0.5275,7.0,rs981931|rs2831938|rs2832007|rs2832019|rs2832077|rs2832093|rs8134005,29999970
17.92,21,19.0,18370713,,,OMNIBUS,110910,21:18259803-18370713,0.5279,9.0,rs430852|rs421241|rs4818307|rs2824143|rs2243684|rs12152108|rs2824153|rs1014604|rs2205428,18259803
4.13,21,5.0,22030645,,,OMNIBUS,19455,21:22011190-22030645,0.5309,3.0,rs229448|rs229451|rs2826423,22011190
8.017,21,9.0,27947102,,,OMNIBUS,56771,21:27890331-27947102,0.5325,4.0,rs369515|rs222956|rs222966|rs222980,27890331
8.009,21,9.0,24942410,,,OMNIBUS,73788,21:24868622-24942410,0.5333,5.0,rs2828200|rs2828214|rs2828242|rs2212575|rs2828264,24868622
1.257,21,2.0,35303960,,,OMNIBUS,28843,21:35275117-35303960,0.5334,2.0,rs731059|rs8130507,35275117
4.095,21,5.0,31350669,,,OMNIBUS,93801,21:31256868-31350669,0.5358,3.0,rs2832472|rs2255821|rs459195,31256868
2.177,21,3.0,36795712,,,OMNIBUS,31943,21:36763769-36795712,0.5364,2.0,rs2898237|rs2205109,36763769
4.079,21,5.0,19494749,,,OMNIBUS,10611,21:19484138-19494749,0.5381,3.0,rs1491781|rs2824630|rs2824639,19484138
2.161,21,3.0,40103951,,,OMNIBUS,140827,21:39963124-40103951,0.5396,2.0,rs2836544|rs2836651,39963124
2.157,21,3.0,16678322,,,OMNIBUS,167569,21:16510753-16678322,0.5404,2.0,rs2823082|rs2178904,16510753
8.897,21,10.0,32283437,,,OMNIBUS,64956,21:32218481-32283437,0.5419,6.0,rs4817363|rs2833130|rs2833135|rs2833138|rs2833145|rs2833155,32218481
4.048,21,5.0,32200972,,,OMNIBUS,164431,21:32036541-32200972,0.5425,3.0,rs2832975|rs2833043|rs2833117,32036541
3.085,21,4.0,33668493,,,OMNIBUS,117382,21:33551111-33668493,0.5436,3.0,rs2833690|rs4817477|rs8132833,33551111
1.218,21,2.0,25198571,,,OMNIBUS,66588,21:25131983-25198571,0.5438,2.0,rs2828513|rs207465,25131983
1.213,21,2.0,39721887,,,OMNIBUS,6098,21:39715789-39721887,0.5453,2.0,rs2836316|rs970115,39715789
3.068,21,4.0,39897807,,,OMNIBUS,45411,21:39852396-39897807,0.5465,3.0,rs1041795|rs2836436|rs2836470,39852396
6.906,21,8.0,25748456,,,OMNIBUS,151686,21:25596770-25748456,0.5468,4.0,rs2828923|rs2828936|rs2828958|rs2829026,25596770
4.018,21,5.0,36069838,,,OMNIBUS,105745,21:35964093-36069838,0.5469,3.0,rs2300387|rs2834585|rs2834590,35964093
4.94,21,6.0,31355086,,,OMNIBUS,98218,21:31256868-31355086,0.5516,4.0,rs2832472|rs2255821|rs459195|rs466767,31256868
12.68,21,14.0,20655418,,,OMNIBUS,245367,21:20410051-20655418,0.5518,7.0,rs2825304|rs2825305|rs9305899|rs7281497|rs2825368|rs2211938|rs2825493,20410051
3.954,21,5.0,31630910,,,OMNIBUS,62206,21:31568704-31630910,0.5561,3.0,rs1943954|rs524662|rs1893089,31568704
2.064,21,3.0,27919932,,,OMNIBUS,29601,21:27890331-27919932,0.5593,2.0,rs369515|rs222956,27890331
2.057,21,3.0,23654246,,,OMNIBUS,47134,21:23607112-23654246,0.5607,2.0,rs979916|rs2827338,23607112
15.48,21,17.0,18341062,,,OMNIBUS,81259,21:18259803-18341062,0.5608,8.0,rs430852|rs421241|rs4818307|rs2824143|rs2243684|rs12152108|rs2824153|rs1014604,18259803
2.978,21,4.0,27544108,,,OMNIBUS,89113,21:27454995-27544108,0.5615,3.0,rs2830044|rs2830054|rs466448,27454995
5.791,21,7.0,17826260,,,OMNIBUS,9465,21:17816795-17826260,0.5643,3.0,rs1349227|rs2823809|rs2823815,17816795
2.959,21,4.0,46255195,,,OMNIBUS,67810,21:46187385-46255195,0.5647,3.0,rs6518204|rs235340|rs9808690,46187385
1.133,21,2.0,15743386,,,OMNIBUS,1966,21:15741420-15743386,0.5674,2.0,rs2822636|rs2822637,15741420
2.017,21,3.0,44604272,,,OMNIBUS,4551,21:44599721-44604272,0.569,2.0,rs2839641|rs2839644,44599721
3.858,21,5.0,19032879,,,OMNIBUS,64559,21:18968320-19032879,0.5701,3.0,rs9977638|rs1494935|rs1389994,18968320
3.853,21,5.0,40332176,,,OMNIBUS,17472,21:40314704-40332176,0.5708,3.0,rs2836770|rs2836781|rs2836786,40314704
6.686,21,8.0,40338995,,,OMNIBUS,24291,21:40314704-40338995,0.5709,4.0,rs2836770|rs2836781|rs2836786|rs2836789,40314704
5.722,21,7.0,30141021,,,OMNIBUS,141051,21:29999970-30141021,0.5725,5.0,rs981931|rs2831938|rs2832007|rs2832019|rs2832077,29999970
1.111,21,2.0,15474153,,,OMNIBUS,10197,21:15463956-15474153,0.5738,2.0,rs6516610|rs2822404,15463956
2.903,21,4.0,40448382,,,OMNIBUS,32215,21:40416167-40448382,0.5741,4.0,rs8128695|rs2242936|rs406189|rs445593,40416167
11.41,21,13.0,18330656,,,OMNIBUS,70853,21:18259803-18330656,0.5764,7.0,rs430852|rs421241|rs4818307|rs2824143|rs2243684|rs12152108|rs2824153,18259803
1.096,21,2.0,29668033,,,OMNIBUS,35527,21:29632506-29668033,0.5782,2.0,rs2143682|rs1571674,29632506
4.733,21,6.0,27546004,,,OMNIBUS,91009,21:27454995-27546004,0.5785,4.0,rs2830044|rs2830054|rs466448|rs438031,27454995
2.858,21,4.0,42520646,,,OMNIBUS,8728,21:42511918-42520646,0.5818,3.0,rs2837960|rs2007397|rs2837964,42511918
3.771,21,5.0,31410125,,,OMNIBUS,28525,21:31381600-31410125,0.5829,5.0,rs2832527|rs2832535|rs440113|rs388409|rs2832547,31381600
2.851,21,4.0,42817930,,,OMNIBUS,16321,21:42801609-42817930,0.583,3.0,rs466513|rs468440|rs469390,42801609
4.697,21,6.0,36881395,,,OMNIBUS,48487,21:36832908-36881395,0.5832,4.0,rs2834939|rs2205112|rs7281771|rs2834950,36832908
1.948,21,3.0,35773931,,,OMNIBUS,37765,21:35736166-35773931,0.5832,2.0,rs13048252|rs2834473,35736166
11.33,21,13.0,20945097,,,OMNIBUS,228816,21:20716281-20945097,0.5835,10.0,rs13049780|rs2172198|rs1977966|rs1387616|rs1023128|rs1489734|rs928251|rs522332|rs2825644|rs2244367,20716281
8.451,21,10.0,31683396,,,OMNIBUS,114692,21:31568704-31683396,0.5848,6.0,rs1943954|rs524662|rs1893089|rs2832747|rs2832753|rs2832781,31568704
4.685,21,6.0,22974992,,,OMNIBUS,82864,21:22892128-22974992,0.5849,3.0,rs2826877|rs2826893|rs1785688,22892128
4.685,21,6.0,31366120,,,OMNIBUS,109252,21:31256868-31366120,0.5849,5.0,rs2832472|rs2255821|rs459195|rs466767|rs2832513,31256868
6.559,21,8.0,22672797,,,OMNIBUS,118158,21:22554639-22672797,0.5849,4.0,rs2826721|rs2826745|rs2826754|rs1373484,22554639
14.18,21,16.0,46328099,,,OMNIBUS,140714,21:46187385-46328099,0.585,8.0,rs6518204|rs235340|rs9808690|rs2838704|rs2838713|rs170962|rs235305|rs760462,46187385
1.938,21,3.0,16813212,,,OMNIBUS,101711,21:16711501-16813212,0.5854,3.0,rs2049882|rs2823238|rs1736148,16711501
18.0,21,20.0,47445184,,,OMNIBUS,423400,21:47021784-47445184,0.5876,7.0,rs2838965|rs2839013|rs3827268|rs2150458|rs4819179|rs7283829|rs2839084,47021784
13.15,21,15.0,42739979,,,OMNIBUS,120230,21:42619749-42739979,0.5907,6.0,rs914187|rs1046210|rs2838008|rs441810|rs2838019|rs432331,42619749
3.715,21,5.0,44860542,,,OMNIBUS,12472,21:44848070-44860542,0.5912,3.0,rs229347|rs229353|rs459262,44848070
7.433,21,9.0,44810756,,,OMNIBUS,31413,21:44779343-44810756,0.5921,4.0,rs681210|rs496300|rs541476|rs1003792,44779343
2.794,21,4.0,23694025,,,OMNIBUS,86913,21:23607112-23694025,0.5929,3.0,rs979916|rs2827338|rs2827417,23607112
1.899,21,3.0,43772947,,,OMNIBUS,40119,21:43732828-43772947,0.5936,2.0,rs2236705|rs225340,43732828
2.784,21,4.0,24729963,,,OMNIBUS,32981,21:24696982-24729963,0.5946,3.0,rs2828068|rs12483180|rs1354479,24696982
8.337,21,10.0,30274207,,,OMNIBUS,274237,21:29999970-30274207,0.5959,8.0,rs981931|rs2831938|rs2832007|rs2832019|rs2832077|rs2832093|rs8134005|rs2832127,29999970
1.034,21,2.0,30271099,,,OMNIBUS,39264,21:30231835-30271099,0.5963,2.0,rs2266561|rs2245280,30231835
10.21,21,12.0,34368569,,,OMNIBUS,167196,21:34201373-34368569,0.5973,4.0,rs11088230|rs2834009|rs2834046|rs4817514,34201373
6.422,21,8.0,45218440,,,OMNIBUS,84572,21:45133868-45218440,0.6001,4.0,rs4819296|rs2010795|rs4819314|rs2838380,45133868
4.524,21,6.0,28852035,,,OMNIBUS,72568,21:28779467-28852035,0.6062,3.0,rs239668|rs242299|rs7281084,28779467
7.297,21,9.0,45687581,,,OMNIBUS,29611,21:45657970-45687581,0.6063,4.0,rs2070561|rs2026880|rs2070565|rs2838540,45657970
1.832,21,3.0,35327624,,,OMNIBUS,52507,21:35275117-35327624,0.608,3.0,rs731059|rs8130507|rs2834305,35275117
10.09,21,12.0,42040010,,,OMNIBUS,118050,21:41921960-42040010,0.6084,5.0,rs2837699|rs463424|rs2837748|rs2205137|rs2837773,41921960
13.86,21,16.0,19535591,,,OMNIBUS,51453,21:19484138-19535591,0.6093,5.0,rs1491781|rs2824630|rs2824639|rs2824646|rs2824669,19484138
11.93,21,14.0,34374072,,,OMNIBUS,172699,21:34201373-34374072,0.6116,5.0,rs11088230|rs2834009|rs2834046|rs4817514|rs2834058,34201373
3.567,21,5.0,36864457,,,OMNIBUS,31549,21:36832908-36864457,0.6132,3.0,rs2834939|rs2205112|rs7281771,36832908
0.9746,21,2.0,31050817,,,OMNIBUS,27591,21:31023226-31050817,0.6143,2.0,rs363522|rs363512,31023226
2.665,21,4.0,28590051,,,OMNIBUS,17071,21:28572980-28590051,0.6153,3.0,rs2830768|rs914130|rs2830786,28572980
1.793,21,3.0,26017929,,,OMNIBUS,46892,21:25971037-26017929,0.6165,2.0,rs2829195|rs2408982,25971037
11.87,21,14.0,20595409,,,OMNIBUS,185358,21:20410051-20595409,0.6169,6.0,rs2825304|rs2825305|rs9305899|rs7281497|rs2825368|rs2211938,20410051
19.45,21,22.0,47892806,,,OMNIBUS,353846,21:47538960-47892806,0.6174,11.0,rs2839110|rs2839112|rs2839117|rs1980983|rs2839179|rs2839193|rs9980536|rs2073382|rs2839265|rs2078203|rs1023355,47538960
1.779,21,3.0,25616563,,,OMNIBUS,19793,21:25596770-25616563,0.6195,2.0,rs2828923|rs2828936,25596770
5.329,21,7.0,44769676,,,OMNIBUS,19476,21:44750200-44769676,0.6199,4.0,rs86133|rs679348|rs609845|rs762395,44750200
4.421,21,6.0,32874248,,,OMNIBUS,55496,21:32818752-32874248,0.6199,5.0,rs577738|rs2833418|rs2833426|rs2833427|rs2253858,32818752
1.757,21,3.0,30318466,,,OMNIBUS,301614,21:30016852-30318466,0.6243,3.0,rs1236425|rs2831951|rs2243552,30016852
3.488,21,5.0,20464359,,,OMNIBUS,54308,21:20410051-20464359,0.6252,3.0,rs2825304|rs2825305|rs9305899,20410051
2.571,21,4.0,36816352,,,OMNIBUS,52583,21:36763769-36816352,0.6319,3.0,rs2898237|rs2205109|rs11910142,36763769
2.569,21,4.0,15479537,,,OMNIBUS,15581,21:15463956-15479537,0.6323,3.0,rs6516610|rs2822404|rs4539869,15463956
1.714,21,3.0,28157439,,,OMNIBUS,53795,21:28103644-28157439,0.6337,2.0,rs2187226|rs2830501,28103644
4.307,21,6.0,46264375,,,OMNIBUS,76990,21:46187385-46264375,0.6352,4.0,rs6518204|rs235340|rs9808690|rs2838704,46187385
4.303,21,6.0,38932778,,,OMNIBUS,180914,21:38751864-38932778,0.6357,4.0,rs2835708|rs2835776|rs2835808|rs2835810,38751864
4.29,21,6.0,20140005,,,OMNIBUS,25434,21:20114571-20140005,0.6375,4.0,rs2212783|rs2212784|rs12152036|rs2825077,20114571
5.183,21,7.0,15831095,,,OMNIBUS,89675,21:15741420-15831095,0.6376,5.0,rs2822636|rs2822637|rs2822657|rs2822662|rs2822670,15741420
9.744,21,12.0,24797274,,,OMNIBUS,100292,21:24696982-24797274,0.6384,6.0,rs2828068|rs12483180|rs1354479|rs1394369|rs2828136|rs9980706,24696982
1.69,21,3.0,15946828,,,OMNIBUS,22099,21:15924729-15946828,0.6391,3.0,rs6516877|rs9980764|rs989938,15924729
2.522,21,4.0,40499467,,,OMNIBUS,10440,21:40489027-40499467,0.6407,3.0,rs2836891|rs1013129|rs2836902,40489027
1.679,21,3.0,36064321,,,OMNIBUS,100228,21:35964093-36064321,0.6415,2.0,rs2300387|rs2834585,35964093
7.866,21,10.0,35816941,,,OMNIBUS,80775,21:35736166-35816941,0.6419,4.0,rs13048252|rs2834473|rs2834479|rs2834484,35736166
4.255,21,6.0,30431730,,,OMNIBUS,414878,21:30016852-30431730,0.6422,4.0,rs1236425|rs2831951|rs2243552|rs2243521,30016852
1.673,21,3.0,34387452,,,OMNIBUS,7828,21:34379624-34387452,0.643,2.0,rs762236|rs2834070,34379624
13.4,21,16.0,36514505,,,OMNIBUS,80542,21:36433963-36514505,0.6434,7.0,rs928282|rs2834744|rs7281007|rs984659|rs2834763|rs2834772|rs9975836,36433963
9.675,21,12.0,28942922,,,OMNIBUS,163455,21:28779467-28942922,0.6444,5.0,rs239668|rs242299|rs7281084|rs2831006|rs1457925,28779467
3.357,21,5.0,26040742,,,OMNIBUS,69705,21:25971037-26040742,0.6452,3.0,rs2829195|rs2408982|rs2829246,25971037
7.822,21,10.0,46295995,,,OMNIBUS,108610,21:46187385-46295995,0.6462,6.0,rs6518204|rs235340|rs9808690|rs2838704|rs2838713|rs170962,46187385
0.8726,21,2.0,20779299,,,OMNIBUS,63018,21:20716281-20779299,0.6464,2.0,rs13049780|rs2172198,20716281
2.477,21,4.0,35918080,,,OMNIBUS,34591,21:35883489-35918080,0.6488,3.0,rs2834502|rs2834506|rs2251280,35883489
4.204,21,6.0,24768759,,,OMNIBUS,71777,21:24696982-24768759,0.6491,4.0,rs2828068|rs12483180|rs1354479|rs1394369,24696982
0.8641,21,2.0,41855972,,,OMNIBUS,28819,21:41827153-41855972,0.6492,2.0,rs2837637|rs2837657,41827153
16.1,21,19.0,34453897,,,OMNIBUS,74273,21:34379624-34453897,0.6503,6.0,rs762236|rs2834070|rs762178|rs2834072|rs2834077|rs8131457,34379624
11.45,21,14.0,29440969,,,OMNIBUS,116035,21:29324934-29440969,0.6504,6.0,rs2831270|rs2831306|rs2831314|rs6516803|rs2831447|rs2831453,29324934
16.03,21,19.0,47867318,,,OMNIBUS,328358,21:47538960-47867318,0.6554,9.0,rs2839110|rs2839112|rs2839117|rs1980983|rs2839179|rs2839193|rs9980536|rs2073382|rs2839265,47538960
4.154,21,6.0,45681153,,,OMNIBUS,23183,21:45657970-45681153,0.6558,3.0,rs2070561|rs2026880|rs2070565,45657970
1.614,21,3.0,41418208,,,OMNIBUS,27213,21:41390995-41418208,0.6561,3.0,rs2996053|rs2989341|rs2142123,41390995
0.8427,21,2.0,36362205,,,OMNIBUS,4853,21:36357352-36362205,0.6562,2.0,rs2834714|rs2834719,36357352
2.423,21,4.0,36380852,,,OMNIBUS,23500,21:36357352-36380852,0.6585,3.0,rs2834714|rs2834719|rs2834729,36357352
0.8313,21,2.0,43182319,,,OMNIBUS,14913,21:43167406-43182319,0.6599,2.0,rs12483161|rs2838116,43167406
1.584,21,3.0,22609204,,,OMNIBUS,54565,21:22554639-22609204,0.663,2.0,rs2826721|rs2826745,22554639
1.577,21,3.0,42930177,,,OMNIBUS,59655,21:42870522-42930177,0.6645,2.0,rs3761373|rs2838064,42870522
4.081,21,6.0,39815212,,,OMNIBUS,26709,21:39788503-39815212,0.6657,3.0,rs2836379|rs17815661|rs2836400,39788503
11.25,21,14.0,28385362,,,OMNIBUS,162270,21:28223092-28385362,0.6663,8.0,rs229100|rs9305294|rs410349|rs10482979|rs2830594|rs1497273|rs8127336|rs977152,28223092
1.554,21,3.0,19791091,,,OMNIBUS,56906,21:19734185-19791091,0.6699,3.0,rs2824771|rs2824773|rs2824816,19734185
4.904,21,7.0,42841610,,,OMNIBUS,40001,21:42801609-42841610,0.6717,4.0,rs466513|rs468440|rs469390|rs2070792,42801609
11.18,21,14.0,40686327,,,OMNIBUS,197300,21:40489027-40686327,0.6717,6.0,rs2836891|rs1013129|rs2836902|rs2836912|rs6517522|rs4624474,40489027
19.5,21,23.0,34486690,,,OMNIBUS,107066,21:34379624-34486690,0.6721,9.0,rs762236|rs2834070|rs762178|rs2834072|rs2834077|rs8131457|rs7283689|rs6517142|rs2834090,34379624
5.749,21,8.0,30164855,,,OMNIBUS,164885,21:29999970-30164855,0.6753,6.0,rs981931|rs2831938|rs2832007|rs2832019|rs2832077|rs2832093,29999970
4.875,21,7.0,32257277,,,OMNIBUS,38796,21:32218481-32257277,0.6753,5.0,rs4817363|rs2833130|rs2833135|rs2833138|rs2833145,32218481
2.315,21,4.0,38925550,,,OMNIBUS,173686,21:38751864-38925550,0.678,3.0,rs2835708|rs2835776|rs2835808,38751864
1.513,21,3.0,37788880,,,OMNIBUS,70293,21:37718587-37788880,0.6792,3.0,rs12482030|rs1906483|rs8596,37718587
1.5,21,3.0,38337196,,,OMNIBUS,25203,21:38311993-38337196,0.6823,2.0,rs3827189|rs1571702,38311993
3.107,21,5.0,42485808,,,OMNIBUS,81791,21:42404017-42485808,0.6836,4.0,rs2183582|rs2837907|rs2011706|rs13050861,42404017
3.106,21,5.0,21864185,,,OMNIBUS,11216,21:21852969-21864185,0.6837,3.0,rs2826303|rs2826324|rs11911614,21852969
1.491,21,3.0,22912031,,,OMNIBUS,19903,21:22892128-22912031,0.6843,2.0,rs2826877|rs2826893,22892128
8.318,21,11.0,37832621,,,OMNIBUS,114034,21:37718587-37832621,0.6845,6.0,rs12482030|rs1906483|rs8596|rs2835346|rs4378885|rs219781,37718587
2.273,21,4.0,47350010,,,OMNIBUS,328226,21:47021784-47350010,0.6857,3.0,rs2838965|rs2839013|rs3827268,47021784
3.084,21,5.0,27929858,,,OMNIBUS,39527,21:27890331-27929858,0.6871,3.0,rs369515|rs222956|rs222966,27890331
0.7493,21,2.0,23495589,,,OMNIBUS,4648,21:23490941-23495589,0.6875,2.0,rs8132167|rs2827246,23490941
1.476,21,3.0,37342121,,,OMNIBUS,31765,21:37310356-37342121,0.6878,3.0,rs2835165|rs2178812|rs2835189,37310356
17.37,21,21.0,23140523,,,OMNIBUS,248395,21:22892128-23140523,0.6886,6.0,rs2826877|rs2826893|rs1785688|rs2826912|rs1980970|rs1155463,22892128
1.463,21,3.0,40326522,,,OMNIBUS,11818,21:40314704-40326522,0.6908,2.0,rs2836770|rs2836781,40314704
4.732,21,7.0,28316282,,,OMNIBUS,93190,21:28223092-28316282,0.6927,4.0,rs229100|rs9305294|rs410349|rs10482979,28223092
1.453,21,3.0,24333621,,,OMNIBUS,133211,21:24200410-24333621,0.6932,2.0,rs956821|rs767055,24200410
5.584,21,8.0,46277968,,,OMNIBUS,90583,21:46187385-46277968,0.6938,5.0,rs6518204|rs235340|rs9808690|rs2838704|rs2838713,46187385
10.89,21,14.0,42721784,,,OMNIBUS,102035,21:42619749-42721784,0.6945,5.0,rs914187|rs1046210|rs2838008|rs441810|rs2838019,42619749
1.445,21,3.0,33905191,,,OMNIBUS,109230,21:33795961-33905191,0.6949,2.0,rs2833803|rs1892655,33795961
3.009,21,5.0,34399401,,,OMNIBUS,19777,21:34379624-34399401,0.6987,3.0,rs762236|rs2834070|rs762178,34379624
0.7159,21,2.0,28574546,,,OMNIBUS,1566,21:28572980-28574546,0.6991,2.0,rs2830768|rs914130,28572980
5.528,21,8.0,28348803,,,OMNIBUS,125711,21:28223092-28348803,0.6999,5.0,rs229100|rs9305294|rs410349|rs10482979|rs2830594,28223092
1.418,21,3.0,31302472,,,OMNIBUS,45604,21:31256868-31302472,0.7013,2.0,rs2832472|rs2255821,31256868
1.416,21,3.0,34897113,,,OMNIBUS,87106,21:34810007-34897113,0.7017,3.0,rs8131980|rs7283354|rs9984077,34810007
2.162,21,4.0,21199532,,,OMNIBUS,137521,21:21062011-21199532,0.706,3.0,rs2825750|rs1401047|rs2248611,21062011
8.948,21,12.0,41698322,,,OMNIBUS,123164,21:41575158-41698322,0.7073,8.0,rs2178849|rs1554937|rs2837506|rs424372|rs2837521|rs2837545|rs1882760|rs1571717,41575158
1.391,21,3.0,18091248,,,OMNIBUS,14695,21:18076553-18091248,0.7076,2.0,rs4818278|rs2823997,18076553
2.133,21,4.0,43478099,,,OMNIBUS,12052,21:43466047-43478099,0.7113,3.0,rs2839452|rs220250|rs220256,43466047
1.374,21,3.0,28450226,,,OMNIBUS,14095,21:28436131-28450226,0.7117,2.0,rs12481871|rs2830663,28436131
2.918,21,5.0,28171840,,,OMNIBUS,68196,21:28103644-28171840,0.7127,3.0,rs2187226|rs2830501|rs7278046,28103644
8.006,21,11.0,28941358,,,OMNIBUS,161891,21:28779467-28941358,0.7128,4.0,rs239668|rs242299|rs7281084|rs2831006,28779467
3.726,21,6.0,40955085,,,OMNIBUS,45379,21:40909706-40955085,0.7136,4.0,rs517871|rs2837074|rs572926|rs11700626,40909706
4.549,21,7.0,44884252,,,OMNIBUS,36182,21:44848070-44884252,0.7149,4.0,rs229347|rs229353|rs459262|rs162382,44848070
5.349,21,8.0,20151143,,,OMNIBUS,36572,21:20114571-20151143,0.7197,5.0,rs2212783|rs2212784|rs12152036|rs2825077|rs2825112,20114571
1.335,21,3.0,18276053,,,OMNIBUS,16250,21:18259803-18276053,0.7208,2.0,rs430852|rs421241,18259803
2.86,21,5.0,36819003,,,OMNIBUS,55234,21:36763769-36819003,0.7216,4.0,rs2898237|rs2205109|rs11910142|rs2834934,36763769
6.176,21,9.0,34555833,,,OMNIBUS,40823,21:34515010-34555833,0.7221,5.0,rs2834101|rs2409473|rs2834112|rs2834115|rs2834132,34515010
5.321,21,8.0,41688767,,,OMNIBUS,113609,21:41575158-41688767,0.7227,7.0,rs2178849|rs1554937|rs2837506|rs424372|rs2837521|rs2837545|rs1882760,41575158
7.027,21,10.0,42698907,,,OMNIBUS,79158,21:42619749-42698907,0.7229,4.0,rs914187|rs1046210|rs2838008|rs441810,42619749
6.998,21,10.0,46298869,,,OMNIBUS,111484,21:46187385-46298869,0.7257,7.0,rs6518204|rs235340|rs9808690|rs2838704|rs2838713|rs170962|rs235305,46187385
4.458,21,7.0,31416460,,,OMNIBUS,34860,21:31381600-31416460,0.7258,6.0,rs2832527|rs2832535|rs440113|rs388409|rs2832547|rs2832556,31381600
11.37,21,15.0,37849239,,,OMNIBUS,130652,21:37718587-37849239,0.7259,7.0,rs12482030|rs1906483|rs8596|rs2835346|rs4378885|rs219781|rs2249115,37718587
4.438,21,7.0,16331523,,,OMNIBUS,91586,21:16239937-16331523,0.7282,3.0,rs2178998|rs2256417|rs2178894,16239937
11.34,21,15.0,39024374,,,OMNIBUS,272510,21:38751864-39024374,0.7284,6.0,rs2835708|rs2835776|rs2835808|rs2835810|rs702860|rs857984,38751864
0.6329,21,2.0,37769131,,,OMNIBUS,50544,21:37718587-37769131,0.7287,2.0,rs12482030|rs1906483,37718587
1.296,21,3.0,15909251,,,OMNIBUS,6273,21:15902978-15909251,0.7302,2.0,rs2822753|rs2822757,15902978
0.6215,21,2.0,39135300,,,OMNIBUS,11546,21:39123754-39135300,0.7329,2.0,rs2835933|rs2835945,39123754
8.632,21,12.0,39008629,,,OMNIBUS,256765,21:38751864-39008629,0.734,5.0,rs2835708|rs2835776|rs2835808|rs2835810|rs702860,38751864
2.008,21,4.0,15620798,,,OMNIBUS,20835,21:15599963-15620798,0.7344,3.0,rs2822447|rs2822504|rs380011,15599963
1.268,21,3.0,18640119,,,OMNIBUS,7448,21:18632671-18640119,0.7368,2.0,rs1501813|rs2824273,18632671
3.539,21,6.0,37347259,,,OMNIBUS,36903,21:37310356-37347259,0.7388,4.0,rs2835165|rs2178812|rs2835189|rs2835195,37310356
1.258,21,3.0,39794794,,,OMNIBUS,6291,21:39788503-39794794,0.7391,2.0,rs2836379|rs17815661,39788503
0.601,21,2.0,29357172,,,OMNIBUS,32238,21:29324934-29357172,0.7405,2.0,rs2831270|rs2831306,29324934
0.5892,21,2.0,38539119,,,OMNIBUS,39335,21:38499784-38539119,0.7448,2.0,rs2835616|rs2244185,38499784
2.703,21,5.0,24334028,,,OMNIBUS,133618,21:24200410-24334028,0.7456,3.0,rs956821|rs767055|rs1015020,24200410
4.289,21,7.0,40506194,,,OMNIBUS,17167,21:40489027-40506194,0.7459,4.0,rs2836891|rs1013129|rs2836902|rs2836912,40489027
5.1,21,8.0,39824173,,,OMNIBUS,35670,21:39788503-39824173,0.7468,4.0,rs2836379|rs17815661|rs2836400|rs1008927,39788503
1.217,21,3.0,23508050,,,OMNIBUS,17109,21:23490941-23508050,0.749,3.0,rs8132167|rs2827246|rs2827251,23490941
0.5777,21,2.0,25124575,,,OMNIBUS,8365,21:25116210-25124575,0.7491,2.0,rs2828495|rs2828500,25116210
1.211,21,3.0,39724700,,,OMNIBUS,8911,21:39715789-39724700,0.7503,3.0,rs2836316|rs970115|rs2836333,39715789
4.236,21,7.0,29793930,,,OMNIBUS,161424,21:29632506-29793930,0.7523,5.0,rs2143682|rs1571674|rs8130371|rs2831744|rs1474519,29632506
0.56,21,2.0,40919955,,,OMNIBUS,10249,21:40909706-40919955,0.7558,2.0,rs517871|rs2837074,40909706
13.58,21,18.0,20675783,,,OMNIBUS,265732,21:20410051-20675783,0.756,8.0,rs2825304|rs2825305|rs9305899|rs7281497|rs2825368|rs2211938|rs2825493|rs1012196,20410051
2.625,21,5.0,43209292,,,OMNIBUS,41886,21:43167406-43209292,0.7575,4.0,rs12483161|rs2838116|rs3787958|rs2253697,43167406
2.622,21,5.0,34532556,,,OMNIBUS,17546,21:34515010-34532556,0.758,4.0,rs2834101|rs2409473|rs2834112|rs2834115,34515010
5.812,21,9.0,26058246,,,OMNIBUS,87209,21:25971037-26058246,0.7585,4.0,rs2829195|rs2408982|rs2829246|rs2250627,25971037
10.05,21,14.0,45252838,,,OMNIBUS,118970,21:45133868-45252838,0.7588,5.0,rs4819296|rs2010795|rs4819314|rs2838380|rs2838416,45133868
1.169,21,3.0,21302359,,,OMNIBUS,71056,21:21231303-21302359,0.7604,2.0,rs2246743|rs6517908,21231303
18.82,21,24.0,47905496,,,OMNIBUS,366536,21:47538960-47905496,0.7614,12.0,rs2839110|rs2839112|rs2839117|rs1980983|rs2839179|rs2839193|rs9980536|rs2073382|rs2839265|rs2078203|rs1023355|rs7279991,47538960
0.5428,21,2.0,30004254,,,OMNIBUS,4284,21:29999970-30004254,0.7623,2.0,rs981931|rs2831938,29999970
1.156,21,3.0,29360990,,,OMNIBUS,36056,21:29324934-29360990,0.7635,3.0,rs2831270|rs2831306|rs2831314,29324934
4.139,21,7.0,24564204,,,OMNIBUS,102202,21:24462002-24564204,0.7636,4.0,rs2827841|rs2827880|rs2827938|rs8127651,24462002
3.347,21,6.0,42598887,,,OMNIBUS,31750,21:42567137-42598887,0.7642,3.0,rs914185|rs746064|rs7278856,42567137
1.153,21,3.0,34916613,,,OMNIBUS,106606,21:34810007-34916613,0.7643,4.0,rs8131980|rs7283354|rs9984077|rs7279549,34810007
1.148,21,3.0,23848588,,,OMNIBUS,164032,21:23684556-23848588,0.7656,2.0,rs2827391|rs1501220,23684556
1.14,21,3.0,29703656,,,OMNIBUS,71150,21:29632506-29703656,0.7675,3.0,rs2143682|rs1571674|rs8130371,29632506
0.5263,21,2.0,35907413,,,OMNIBUS,23924,21:35883489-35907413,0.7686,2.0,rs2834502|rs2834506,35883489
1.133,21,3.0,41379738,,,OMNIBUS,18381,21:41361357-41379738,0.7692,2.0,rs2837349|rs2837365,41361357
1.122,21,3.0,45740823,,,OMNIBUS,25437,21:45715386-45740823,0.7718,2.0,rs2256817|rs3827256,45715386
1.108,21,3.0,35880072,,,OMNIBUS,40109,21:35839963-35880072,0.7752,2.0,rs11701051|rs727957,35839963
2.501,21,5.0,42685044,,,OMNIBUS,65295,21:42619749-42685044,0.7764,3.0,rs914187|rs1046210|rs2838008,42619749
1.07,21,3.0,28825071,,,OMNIBUS,79255,21:28745816-28825071,0.7843,2.0,rs2167597|rs2212828,28745816
1.733,21,4.0,31391595,,,OMNIBUS,9995,21:31381600-31391595,0.7846,3.0,rs2832527|rs2832535|rs440113,31381600
1.064,21,3.0,40175827,,,OMNIBUS,32973,21:40142854-40175827,0.7857,2.0,rs2156422|rs1209952,40142854
6.337,21,10.0,42857981,,,OMNIBUS,56372,21:42801609-42857981,0.7862,5.0,rs466513|rs468440|rs469390|rs2070792|rs2298857,42801609
1.057,21,3.0,43184093,,,OMNIBUS,16687,21:43167406-43184093,0.7875,3.0,rs12483161|rs2838116|rs3787958,43167406
5.493,21,9.0,23821734,,,OMNIBUS,214622,21:23607112-23821734,0.7894,4.0,rs979916|rs2827338|rs2827417|rs2827530,23607112
15.56,21,21.0,39092297,,,OMNIBUS,340433,21:38751864-39092297,0.7939,8.0,rs2835708|rs2835776|rs2835808|rs2835810|rs702860|rs857984|rs2835908|rs857958,38751864
3.097,21,6.0,15642676,,,OMNIBUS,42713,21:15599963-15642676,0.7966,5.0,rs2822447|rs2822504|rs380011|rs417214|rs2013669,15599963
11.18,21,16.0,26080959,,,OMNIBUS,109922,21:25971037-26080959,0.7981,5.0,rs2829195|rs2408982|rs2829246|rs2250627|rs2829285,25971037
0.4477,21,2.0,44066201,,,OMNIBUS,27188,21:44039013-44066201,0.7994,2.0,rs10483088|rs398146,44039013
1.006,21,3.0,31584389,,,OMNIBUS,15685,21:31568704-31584389,0.7998,2.0,rs1943954|rs524662,31568704
2.342,21,5.0,18295194,,,OMNIBUS,35391,21:18259803-18295194,0.8001,3.0,rs430852|rs421241|rs4818307,18259803
0.9964,21,3.0,34877070,,,OMNIBUS,67063,21:34810007-34877070,0.8021,2.0,rs8131980|rs7283354,34810007
17.93,21,24.0,47483799,,,OMNIBUS,462015,21:47021784-47483799,0.8063,8.0,rs2838965|rs2839013|rs3827268|rs2150458|rs4819179|rs7283829|rs2839084|rs9984052,47021784
3.012,21,6.0,29043216,,,OMNIBUS,74176,21:28969040-29043216,0.8074,3.0,rs2831026|rs2831040|rs2831057,28969040
0.973,21,3.0,35396420,,,OMNIBUS,36485,21:35359935-35396420,0.8078,2.0,rs2834323|rs2834349,35359935
2.282,21,5.0,20136216,,,OMNIBUS,21645,21:20114571-20136216,0.8089,3.0,rs2212783|rs2212784|rs12152036,20114571
0.9631,21,3.0,29022265,,,OMNIBUS,53225,21:28969040-29022265,0.8102,2.0,rs2831026|rs2831040,28969040
3.696,21,7.0,20470770,,,OMNIBUS,60719,21:20410051-20470770,0.8141,4.0,rs2825304|rs2825305|rs9305899|rs7281497,20410051
0.9441,21,3.0,26223909,,,OMNIBUS,89689,21:26134220-26223909,0.8148,2.0,rs2829337|rs9753844,26134220
2.233,21,5.0,30112207,,,OMNIBUS,112237,21:29999970-30112207,0.8161,4.0,rs981931|rs2831938|rs2832007|rs2832019,29999970
0.4037,21,2.0,15616772,,,OMNIBUS,16809,21:15599963-15616772,0.8172,2.0,rs2822447|rs2822504,15599963
2.216,21,5.0,39165768,,,OMNIBUS,42014,21:39123754-39165768,0.8185,3.0,rs2835933|rs2835945|rs4817890,39123754
3.643,21,7.0,19222174,,,OMNIBUS,67757,21:19154417-19222174,0.8199,3.0,rs243587|rs12627264|rs2824512,19154417
2.204,21,5.0,35934476,,,OMNIBUS,50987,21:35883489-35934476,0.8202,4.0,rs2834502|rs2834506|rs2251280|rs2251817,35883489
11.58,21,17.0,36982752,,,OMNIBUS,149844,21:36832908-36982752,0.8249,6.0,rs2834939|rs2205112|rs7281771|rs2834950|rs1627997|rs2242752,36832908
2.169,21,5.0,38674544,,,OMNIBUS,174760,21:38499784-38674544,0.8253,3.0,rs2835616|rs2244185|rs2835695,38499784
0.3831,21,2.0,39907437,,,OMNIBUS,3373,21:39904064-39907437,0.8257,2.0,rs1888473|rs2836480,39904064
8.249,21,13.0,40251190,,,OMNIBUS,108336,21:40142854-40251190,0.827,7.0,rs2156422|rs1209952|rs2070531|rs464052|rs2836716|rs469190|rs2150409,40142854
3.56,21,7.0,17629738,,,OMNIBUS,197841,21:17431897-17629738,0.8289,3.0,rs1034117|rs2823621|rs2823702,17431897
8.152,21,13.0,20898278,,,OMNIBUS,181997,21:20716281-20898278,0.8335,7.0,rs13049780|rs2172198|rs1977966|rs1387616|rs1023128|rs1489734|rs928251,20716281
2.1,21,5.0,44610913,,,OMNIBUS,11192,21:44599721-44610913,0.8352,3.0,rs2839641|rs2839644|rs2839651,44599721
14.73,21,21.0,34476169,,,OMNIBUS,96545,21:34379624-34476169,0.8362,7.0,rs762236|rs2834070|rs762178|rs2834072|rs2834077|rs8131457|rs7283689,34379624
2.085,21,5.0,18814568,,,OMNIBUS,40263,21:18774305-18814568,0.8373,3.0,rs1999288|rs2824292|rs208894,18774305
0.8399,21,3.0,16939079,,,OMNIBUS,16386,21:16922693-16939079,0.8399,2.0,rs2823363|rs2064051,16922693
7.228,21,12.0,34422738,,,OMNIBUS,43114,21:34379624-34422738,0.8422,5.0,rs762236|rs2834070|rs762178|rs2834072|rs2834077,34379624
6.425,21,11.0,21884955,,,OMNIBUS,31986,21:21852969-21884955,0.8436,5.0,rs2826303|rs2826324|rs11911614|rs2826333|rs2826339,21852969
2.714,21,6.0,43104233,,,OMNIBUS,22527,21:43081706-43104233,0.8438,3.0,rs2849692|rs9976949|rs4919954,43081706
12.87,21,19.0,39084490,,,OMNIBUS,332626,21:38751864-39084490,0.845,7.0,rs2835708|rs2835776|rs2835808|rs2835810|rs702860|rs857984|rs2835908,38751864
0.3326,21,2.0,29485359,,,OMNIBUS,904,21:29484455-29485359,0.8468,2.0,rs2831507|rs2831511,29484455
0.33,21,2.0,43472167,,,OMNIBUS,6120,21:43466047-43472167,0.8479,2.0,rs2839452|rs220250,43466047
0.3269,21,2.0,40498109,,,OMNIBUS,9082,21:40489027-40498109,0.8492,2.0,rs2836891|rs1013129,40489027
0.7964,21,3.0,36853517,,,OMNIBUS,20609,21:36832908-36853517,0.8503,2.0,rs2834939|rs2205112,36832908
4.808,21,9.0,24572886,,,OMNIBUS,110884,21:24462002-24572886,0.8507,5.0,rs2827841|rs2827880|rs2827938|rs8127651|rs1870463,24462002
1.357,21,4.0,20804880,,,OMNIBUS,88599,21:20716281-20804880,0.8517,3.0,rs13049780|rs2172198|rs1977966,20716281
1.967,21,5.0,19806481,,,OMNIBUS,72296,21:19734185-19806481,0.8536,4.0,rs2824771|rs2824773|rs2824816|rs2824829,19734185
2.611,21,6.0,34359143,,,OMNIBUS,157770,21:34201373-34359143,0.8559,3.0,rs11088230|rs2834009|rs2834046,34201373
1.328,21,4.0,29761086,,,OMNIBUS,128580,21:29632506-29761086,0.8566,4.0,rs2143682|rs1571674|rs8130371|rs2831744,29632506
0.7697,21,3.0,33917903,,,OMNIBUS,48463,21:33869440-33917903,0.8567,2.0,rs2833854|rs2833876,33869440
3.986,21,8.0,40968460,,,OMNIBUS,58754,21:40909706-40968460,0.8584,5.0,rs517871|rs2837074|rs572926|rs11700626|rs1524930,40909706
1.917,21,5.0,38340656,,,OMNIBUS,28663,21:38311993-38340656,0.8605,3.0,rs3827189|rs1571702|rs762376,38311993
6.949,21,12.0,39830556,,,OMNIBUS,42053,21:39788503-39830556,0.8609,6.0,rs2836379|rs17815661|rs2836400|rs1008927|rs2836412|rs2836415,39788503
0.7458,21,3.0,31976468,,,OMNIBUS,212850,21:31763618-31976468,0.8624,2.0,rs9636832|rs198921,31763618
7.7,21,13.0,42862936,,,OMNIBUS,61327,21:42801609-42862936,0.8626,6.0,rs466513|rs468440|rs469390|rs2070792|rs2298857|rs6517669,42801609
6.135,21,11.0,22466413,,,OMNIBUS,130905,21:22335508-22466413,0.8642,5.0,rs10482915|rs7509723|rs7275959|rs6518065|rs7509909,22335508
1.88,21,5.0,15630812,,,OMNIBUS,30849,21:15599963-15630812,0.8655,4.0,rs2822447|rs2822504|rs380011|rs417214,15599963
6.876,21,12.0,26402111,,,OMNIBUS,267891,21:26134220-26402111,0.8657,6.0,rs2829337|rs9753844|rs2829465|rs9984573|rs2829488|rs4283495,26134220
3.2,21,7.0,40234138,,,OMNIBUS,91284,21:40142854-40234138,0.8659,4.0,rs2156422|rs1209952|rs2070531|rs464052,40142854
1.257,21,4.0,25657914,,,OMNIBUS,61144,21:25596770-25657914,0.8686,3.0,rs2828923|rs2828936|rs2828958,25596770
11.55,21,18.0,45325916,,,OMNIBUS,192048,21:45133868-45325916,0.8697,7.0,rs4819296|rs2010795|rs4819314|rs2838380|rs2838416|rs762415|rs2838429,45133868
5.306,21,10.0,24790421,,,OMNIBUS,93439,21:24696982-24790421,0.8698,5.0,rs2828068|rs12483180|rs1354479|rs1394369|rs2828136,24696982
5.3,21,10.0,39183533,,,OMNIBUS,59779,21:39123754-39183533,0.8703,4.0,rs2835933|rs2835945|rs4817890|rs2211842,39123754
0.2767,21,2.0,20235268,,,OMNIBUS,22306,21:20212962-20235268,0.8708,2.0,rs950365|rs7276040,20212962
9.898,21,16.0,21917888,,,OMNIBUS,64919,21:21852969-21917888,0.8719,6.0,rs2826303|rs2826324|rs11911614|rs2826333|rs2826339|rs2826377,21852969
1.825,21,5.0,17032723,,,OMNIBUS,110030,21:16922693-17032723,0.8729,3.0,rs2823363|rs2064051|rs2823422,16922693
0.2693,21,2.0,27655314,,,OMNIBUS,186572,21:27468742-27655314,0.874,2.0,rs11702267|rs468476,27468742
1.812,21,5.0,41423346,,,OMNIBUS,32351,21:41390995-41423346,0.8744,4.0,rs2996053|rs2989341|rs2142123|rs2837393,41390995
0.6768,21,3.0,43526430,,,OMNIBUS,13230,21:43513200-43526430,0.8787,2.0,rs2839467|rs11203184,43513200
1.76,21,5.0,45752176,,,OMNIBUS,36790,21:45715386-45752176,0.8813,3.0,rs2256817|rs3827256|rs3761392,45715386
3.717,21,8.0,40236059,,,OMNIBUS,93205,21:40142854-40236059,0.8817,5.0,rs2156422|rs1209952|rs2070531|rs464052|rs2836716,40142854
1.743,21,5.0,24536504,,,OMNIBUS,74502,21:24462002-24536504,0.8834,3.0,rs2827841|rs2827880|rs2827938,24462002
5.062,21,10.0,20871728,,,OMNIBUS,155447,21:20716281-20871728,0.887,6.0,rs13049780|rs2172198|rs1977966|rs1387616|rs1023128|rs1489734,20716281
8.025,21,14.0,20955904,,,OMNIBUS,239623,21:20716281-20955904,0.888,11.0,rs13049780|rs2172198|rs1977966|rs1387616|rs1023128|rs1489734|rs928251|rs522332|rs2825644|rs2244367|rs2825663,20716281
2.299,21,6.0,40194216,,,OMNIBUS,51362,21:40142854-40194216,0.8902,3.0,rs2156422|rs1209952|rs2070531,40142854
0.2311,21,2.0,44755474,,,OMNIBUS,5274,21:44750200-44755474,0.8909,2.0,rs86133|rs679348,44750200
0.2278,21,2.0,19735401,,,OMNIBUS,1216,21:19734185-19735401,0.8923,2.0,rs2824771|rs2824773,19734185
0.6122,21,3.0,24499572,,,OMNIBUS,37570,21:24462002-24499572,0.8936,2.0,rs2827841|rs2827880,24462002
10.2,21,17.0,45255836,,,OMNIBUS,121968,21:45133868-45255836,0.8952,6.0,rs4819296|rs2010795|rs4819314|rs2838380|rs2838416|rs762415,45133868
1.649,21,5.0,20290322,,,OMNIBUS,77360,21:20212962-20290322,0.8952,3.0,rs950365|rs7276040|rs418509,20212962
7.075,21,13.0,22477273,,,OMNIBUS,141765,21:22335508-22477273,0.8983,6.0,rs10482915|rs7509723|rs7275959|rs6518065|rs7509909|rs9979231,22335508
3.504,21,8.0,42602735,,,OMNIBUS,35598,21:42567137-42602735,0.8989,4.0,rs914185|rs746064|rs7278856|rs2837974,42567137
7.81,21,14.0,24662308,,,OMNIBUS,200306,21:24462002-24662308,0.899,7.0,rs2827841|rs2827880|rs2827938|rs8127651|rs1870463|rs1459402|rs1532812,24462002
1.606,21,5.0,19646269,,,OMNIBUS,77783,21:19568486-19646269,0.9005,3.0,rs2824704|rs9305854|rs10084615,19568486
0.5783,21,3.0,25134728,,,OMNIBUS,18518,21:25116210-25134728,0.9014,3.0,rs2828495|rs2828500|rs2828515,25116210
4.822,21,10.0,20502171,,,OMNIBUS,92120,21:20410051-20502171,0.9027,5.0,rs2825304|rs2825305|rs9305899|rs7281497|rs2825368,20410051
1.578,21,5.0,29417762,,,OMNIBUS,92828,21:29324934-29417762,0.9038,4.0,rs2831270|rs2831306|rs2831314|rs6516803,29324934
2.155,21,6.0,26294307,,,OMNIBUS,160087,21:26134220-26294307,0.9049,3.0,rs2829337|rs9753844|rs2829465,26134220
0.1997,21,2.0,22848277,,,OMNIBUS,26634,21:22821643-22848277,0.905,2.0,rs2826844|rs1993668,22821643
1.017,21,4.0,40945268,,,OMNIBUS,35562,21:40909706-40945268,0.9072,3.0,rs517871|rs2837074|rs572926,40909706
1.543,21,5.0,35397502,,,OMNIBUS,37567,21:35359935-35397502,0.9081,3.0,rs2834323|rs2834349|rs2834351,35359935
11.43,21,19.0,45349752,,,OMNIBUS,215884,21:45133868-45349752,0.9087,9.0,rs4819296|rs2010795|rs4819314|rs2838380|rs2838416|rs762415|rs2838429|rs3827246|rs2070546,45133868
3.359,21,8.0,37824911,,,OMNIBUS,106324,21:37718587-37824911,0.9099,5.0,rs12482030|rs1906483|rs8596|rs2835346|rs4378885,37718587
0.5377,21,3.0,19574901,,,OMNIBUS,6415,21:19568486-19574901,0.9105,2.0,rs2824704|rs9305854,19568486
0.5318,21,3.0,41745001,,,OMNIBUS,19698,21:41725303-41745001,0.9119,3.0,rs2837574|rs2837583|rs2837587,41725303
6.777,21,13.0,39189570,,,OMNIBUS,65816,21:39123754-39189570,0.9133,5.0,rs2835933|rs2835945|rs4817890|rs2211842|rs3787835,39123754
0.1798,21,2.0,31385507,,,OMNIBUS,3907,21:31381600-31385507,0.914,2.0,rs2832527|rs2832535,31381600
4.635,21,10.0,24609213,,,OMNIBUS,147211,21:24462002-24609213,0.9142,6.0,rs2827841|rs2827880|rs2827938|rs8127651|rs1870463|rs1459402,24462002
2.042,21,6.0,21308781,,,OMNIBUS,246770,21:21062011-21308781,0.9158,4.0,rs2825750|rs1401047|rs2248611|rs928847,21062011
0.1753,21,2.0,38852728,,,OMNIBUS,131419,21:38721309-38852728,0.9161,2.0,rs2835699|rs2298330,38721309
4.601,21,10.0,40241282,,,OMNIBUS,98428,21:40142854-40241282,0.9162,6.0,rs2156422|rs1209952|rs2070531|rs464052|rs2836716|rs469190,40142854
2.636,21,7.0,20848066,,,OMNIBUS,131785,21:20716281-20848066,0.9165,5.0,rs13049780|rs2172198|rs1977966|rs1387616|rs1023128,20716281
14.32,21,23.0,45370888,,,OMNIBUS,237020,21:45133868-45370888,0.9174,11.0,rs4819296|rs2010795|rs4819314|rs2838380|rs2838416|rs762415|rs2838429|rs3827246|rs2070546|rs2838441|rs2838447,45133868
11.17,21,19.0,45356487,,,OMNIBUS,222619,21:45133868-45356487,0.9178,10.0,rs4819296|rs2010795|rs4819314|rs2838380|rs2838416|rs762415|rs2838429|rs3827246|rs2070546|rs2838441,45133868
3.874,21,9.0,26332318,,,OMNIBUS,198098,21:26134220-26332318,0.9195,5.0,rs2829337|rs9753844|rs2829465|rs9984573|rs2829488,26134220
7.334,21,14.0,17210838,,,OMNIBUS,288145,21:16922693-17210838,0.9211,5.0,rs2823363|rs2064051|rs2823422|rs97928|rs2404001,16922693
2.559,21,7.0,15501522,,,OMNIBUS,37566,21:15463956-15501522,0.9226,4.0,rs6516610|rs2822404|rs4539869|rs2822426,15463956
5.172,21,11.0,42620149,,,OMNIBUS,53012,21:42567137-42620149,0.9226,5.0,rs914185|rs746064|rs7278856|rs2837974|rs2837990,42567137
0.1555,21,2.0,41393811,,,OMNIBUS,2816,21:41390995-41393811,0.9252,2.0,rs2996053|rs2989341,41390995
0.4678,21,3.0,29505434,,,OMNIBUS,20979,21:29484455-29505434,0.9259,3.0,rs2831507|rs2831511|rs2831524,29484455
1.92,21,6.0,31406355,,,OMNIBUS,24755,21:31381600-31406355,0.9269,4.0,rs2832527|rs2832535|rs440113|rs388409,31381600
0.8774,21,4.0,25866226,,,OMNIBUS,274874,21:25591352-25866226,0.9278,3.0,rs1910614|rs2829133|rs2829135,25591352
1.3,21,5.0,18649902,,,OMNIBUS,17231,21:18632671-18649902,0.935,3.0,rs1501813|rs2824273|rs7282253,18632671
0.1324,21,2.0,21742922,,,OMNIBUS,5913,21:21737009-21742922,0.936,2.0,rs1843996|rs2032196,21737009
1.28,21,5.0,30106926,,,OMNIBUS,106956,21:29999970-30106926,0.937,3.0,rs981931|rs2831938|rs2832007,29999970
0.4104,21,3.0,32638549,,,OMNIBUS,120588,21:32517961-32638549,0.9381,2.0,rs2833303|rs2070417,32517961
4.835,21,11.0,39825012,,,OMNIBUS,36509,21:39788503-39825012,0.9389,5.0,rs2836379|rs17815661|rs2836400|rs1008927|rs2836412,39788503
1.241,21,5.0,39916756,,,OMNIBUS,12692,21:39904064-39916756,0.9409,3.0,rs1888473|rs2836480|rs2836498,39904064
1.241,21,5.0,20827199,,,OMNIBUS,110918,21:20716281-20827199,0.9409,4.0,rs13049780|rs2172198|rs1977966|rs1387616,20716281
9.587,21,18.0,40788083,,,OMNIBUS,299056,21:40489027-40788083,0.9446,7.0,rs2836891|rs1013129|rs2836902|rs2836912|rs6517522|rs4624474|rs2837017,40489027
2.797,21,8.0,26305530,,,OMNIBUS,171310,21:26134220-26305530,0.9464,4.0,rs2829337|rs9753844|rs2829465|rs9984573,26134220
2.224,21,7.0,41429710,,,OMNIBUS,38715,21:41390995-41429710,0.9464,5.0,rs2996053|rs2989341|rs2142123|rs2837393|rs2837405,41390995
0.1019,21,2.0,44853859,,,OMNIBUS,5789,21:44848070-44853859,0.9503,2.0,rs229347|rs229353,44848070
1.137,21,5.0,37805603,,,OMNIBUS,87016,21:37718587-37805603,0.9508,4.0,rs12482030|rs1906483|rs8596|rs2835346,37718587
3.276,21,9.0,34410464,,,OMNIBUS,30840,21:34379624-34410464,0.9523,4.0,rs762236|rs2834070|rs762178|rs2834072,34379624
0.09756,21,2.0,33586111,,,OMNIBUS,35000,21:33551111-33586111,0.9524,2.0,rs2833690|rs4817477,33551111
0.0972,21,2.0,32836460,,,OMNIBUS,2990,21:32833470-32836460,0.9526,2.0,rs6517036|rs2252208,32833470
0.328,21,3.0,27260456,,,OMNIBUS,46165,21:27214291-27260456,0.9547,2.0,rs1394839|rs2829973,27214291
0.6701,21,4.0,32103499,,,OMNIBUS,339881,21:31763618-32103499,0.955,3.0,rs9636832|rs198921|rs2833047,31763618
5.668,21,13.0,20937366,,,OMNIBUS,221085,21:20716281-20937366,0.9574,9.0,rs13049780|rs2172198|rs1977966|rs1387616|rs1023128|rs1489734|rs928251|rs522332|rs2825644,20716281
5.549,21,13.0,20342832,,,OMNIBUS,129870,21:20212962-20342832,0.961,5.0,rs950365|rs7276040|rs418509|rs2825236|rs460640,20212962
2.486,21,8.0,44628741,,,OMNIBUS,29020,21:44599721-44628741,0.9624,4.0,rs2839641|rs2839644|rs2839651|rs2839654,44599721
3.003,21,9.0,18791719,,,OMNIBUS,159048,21:18632671-18791719,0.9642,4.0,rs1501813|rs2824273|rs7282253|rs1493101,18632671
0.2765,21,3.0,33472439,,,OMNIBUS,40444,21:33431995-33472439,0.9644,2.0,rs1892577|rs2833654,33431995
2.987,21,9.0,19932444,,,OMNIBUS,198259,21:19734185-19932444,0.9648,5.0,rs2824771|rs2824773|rs2824816|rs2824829|rs2824909,19734185
5.412,21,13.0,20936378,,,OMNIBUS,220097,21:20716281-20936378,0.965,8.0,rs13049780|rs2172198|rs1977966|rs1387616|rs1023128|rs1489734|rs928251|rs522332,20716281
7.258,21,16.0,39202393,,,OMNIBUS,78639,21:39123754-39202393,0.968,6.0,rs2835933|rs2835945|rs4817890|rs2211842|rs3787835|rs3787840,39123754
2.896,21,9.0,20336052,,,OMNIBUS,123090,21:20212962-20336052,0.9683,4.0,rs950365|rs7276040|rs418509|rs2825236,20212962
0.2534,21,3.0,46246940,,,OMNIBUS,59555,21:46187385-46246940,0.9685,2.0,rs6518204|rs235340,46187385
0.0635,21,2.0,41739992,,,OMNIBUS,14689,21:41725303-41739992,0.9687,2.0,rs2837574|rs2837583,41725303
9.212,21,19.0,45344799,,,OMNIBUS,210931,21:45133868-45344799,0.9698,8.0,rs4819296|rs2010795|rs4819314|rs2838380|rs2838416|rs762415|rs2838429|rs3827246,45133868
1.284,21,6.0,39930706,,,OMNIBUS,26642,21:39904064-39930706,0.9725,4.0,rs1888473|rs2836480|rs2836498|rs1999328,39904064
6.995,21,16.0,20356538,,,OMNIBUS,143576,21:20212962-20356538,0.9734,6.0,rs950365|rs7276040|rs418509|rs2825236|rs460640|rs376691,20212962
6.983,21,16.0,26452133,,,OMNIBUS,317913,21:26134220-26452133,0.9736,7.0,rs2829337|rs9753844|rs2829465|rs9984573|rs2829488|rs4283495|rs4816246,26134220
1.249,21,6.0,35904697,,,OMNIBUS,64734,21:35839963-35904697,0.9744,3.0,rs11701051|rs727957|rs7280739,35839963
0.2064,21,3.0,25865342,,,OMNIBUS,273990,21:25591352-25865342,0.9765,2.0,rs1910614|rs2829133,25591352
4.933,21,13.0,40987887,,,OMNIBUS,78181,21:40909706-40987887,0.9766,6.0,rs517871|rs2837074|rs572926|rs11700626|rs1524930|rs512384,40909706
1.621,21,7.0,39935300,,,OMNIBUS,31236,21:39904064-39935300,0.9778,5.0,rs1888473|rs2836480|rs2836498|rs1999328|rs2212604,39904064
2.601,21,9.0,19662652,,,OMNIBUS,94166,21:19568486-19662652,0.978,4.0,rs2824704|rs9305854|rs10084615|rs2144204,19568486
4.215,21,12.0,20039566,,,OMNIBUS,305381,21:19734185-20039566,0.9792,6.0,rs2824771|rs2824773|rs2824816|rs2824829|rs2824909|rs8130094,19734185
0.7363,21,5.0,41790020,,,OMNIBUS,64717,21:41725303-41790020,0.9809,4.0,rs2837574|rs2837583|rs2837587|rs1882757,41725303
0.03475,21,2.0,46032094,,,OMNIBUS,53197,21:45978897-46032094,0.9828,2.0,rs170847|rs411254,45978897
0.02772,21,2.0,35050225,,,OMNIBUS,3563,21:35046662-35050225,0.9862,2.0,rs2834245|rs2834246,35046662
8.529,21,20.0,40819685,,,OMNIBUS,330658,21:40489027-40819685,0.9878,9.0,rs2836891|rs1013129|rs2836902|rs2836912|rs6517522|rs4624474|rs2837017|rs2837035|rs2049823,40489027
2.684,21,10.0,17088977,,,OMNIBUS,166284,21:16922693-17088977,0.9879,4.0,rs2823363|rs2064051|rs2823422|rs97928,16922693
3.713,21,12.0,27733586,,,OMNIBUS,264844,21:27468742-27733586,0.9881,8.0,rs11702267|rs468476|rs400819|rs1888428|rs13050454|rs2117454|rs219674|rs219683,27468742
1.258,21,7.0,39943085,,,OMNIBUS,39021,21:39904064-39943085,0.9895,6.0,rs1888473|rs2836480|rs2836498|rs1999328|rs2212604|rs2836522,39904064
7.058,21,18.0,39211005,,,OMNIBUS,87251,21:39123754-39211005,0.9896,7.0,rs2835933|rs2835945|rs4817890|rs2211842|rs3787835|rs3787840|rs2836014,39123754
0.1098,21,3.0,27658905,,,OMNIBUS,190163,21:27468742-27658905,0.9906,3.0,rs11702267|rs468476|rs400819,27468742
3.51,21,12.0,27736992,,,OMNIBUS,268250,21:27468742-27736992,0.9907,9.0,rs11702267|rs468476|rs400819|rs1888428|rs13050454|rs2117454|rs219674|rs219683|rs219693,27468742
9.307,21,22.0,41019858,,,OMNIBUS,110152,21:40909706-41019858,0.9916,7.0,rs517871|rs2837074|rs572926|rs11700626|rs1524930|rs512384|rs610353,40909706
0.01696,21,2.0,33183043,,,OMNIBUS,36222,21:33146821-33183043,0.9916,2.0,rs204750|rs10483007,33146821
1.97,21,9.0,27723281,,,OMNIBUS,254539,21:27468742-27723281,0.9919,6.0,rs11702267|rs468476|rs400819|rs1888428|rs13050454|rs2117454,27468742
1.905,21,9.0,27706323,,,OMNIBUS,237581,21:27468742-27706323,0.9929,5.0,rs11702267|rs468476|rs400819|rs1888428|rs13050454,27468742
3.97,21,14.0,27743561,,,OMNIBUS,274819,21:27468742-27743561,0.9956,10.0,rs11702267|rs468476|rs400819|rs1888428|rs13050454|rs2117454|rs219674|rs219683|rs219693|rs1478101,27468742
2.533,21,11.0,27728434,,,OMNIBUS,259692,21:27468742-27728434,0.9956,7.0,rs11702267|rs468476|rs400819|rs1888428|rs13050454|rs2117454|rs219674,27468742
1.639,21,9.0,32714111,,,OMNIBUS,196150,21:32517961-32714111,0.996,4.0,rs2833303|rs2070417|rs2833370|rs2833382,32517961
0.5512,21,6.0,32682873,,,OMNIBUS,164912,21:32517961-32682873,0.9972,3.0,rs2833303|rs2070417|rs2833370,32517961
0.7803,21,7.0,27693547,,,OMNIBUS,224805,21:27468742-27693547,0.9976,4.0,rs11702267|rs468476|rs400819|rs1888428,27468742
0.02836,21,3.0,45665330,,,OMNIBUS,7360,21:45657970-45665330,0.9987,2.0,rs2070561|rs2026880,45657970
2.61,21,13.0,32747521,,,OMNIBUS,229560,21:32517961-32747521,0.999,5.0,rs2833303|rs2070417|rs2833370|rs2833382|rs581394,32517961
8.733,21,26.0,26489237,,,OMNIBUS,355017,21:26134220-26489237,0.9994,8.0,rs2829337|rs9753844|rs2829465|rs9984573|rs2829488|rs4283495|rs4816246|rs2154526,26134220
4.367,21,18.0,40818379,,,OMNIBUS,329352,21:40489027-40818379,0.9996,8.0,rs2836891|rs1013129|rs2836902|rs2836912|rs6517522|rs4624474|rs2837017|rs2837035,40489027
