LOCUS,HAPLOTYPE,F_A,F_U,CHISQ,DF,P,SNPS
4:144520782-144586417,AGGGGCGGAAGACCG,0.02961,0.0733,62.56,1.0,2.589e-15,rs984693|rs10519696|rs1497614|rs13149438|rs1909022|rs1018092|rs1391187|rs6851874|rs1497608|rs1024058|rs1450237|rs7676225|rs980650|rs1349325|rs11100801
4:161291816-161347654,GGGGGGAGACGAAAGC,0.008627,0.0307,45.57,1.0,1.475e-11,rs2350244|rs17332185|rs1946867|rs10014285|rs2028323|rs6536518|rs1898866|rs7677076|rs7674486|rs1583732|rs17039556|rs11729047|rs7377870|rs7376552|rs7698958|rs4691658
2:206150594-206261029,GAGAAAAGGGAGCGAAGCAAAA,0.02873,0.06859,53.31,1.0,2.846e-13,rs1207421|rs2704638|rs2541149|rs2160453|rs4673317|rs1212609|rs1207433|rs1207429|rs1207440|rs1207438|rs849189|rs2541151|rs2541152|rs849221|rs849250|rs2668145|rs1990667|rs698904|rs698905|rs849235|rs698906|rs849230
14:99083489-99137635,CGAGAAAGAGGGACGAAAAACGAA,0.01461,0.04376,51.38,1.0,7.606e-13,rs11850863|rs8022888|rs7359146|rs7359157|rs12433754|rs10150334|rs9323994|rs10142417|rs17599303|rs4905729|rs7161615|rs12898099|rs8014383|rs10137489|rs10141803|rs7153492|rs7150312|rs7150744|rs17527905|rs11160473|rs12586193|rs10139504|rs10142539|rs1950476
2:206144833-206256232,AAGGAGAAAACAAAGAGAGAGAA,0.03257,0.07316,46.53,1.0,9.037000000000002e-12,rs7606468|rs1921799|rs1113314|rs7594732|rs11692923|rs1207412|rs1861509|rs3856509|rs4119081|rs1207439|rs2541155|rs3845806|rs12476682|rs4505506|rs849252|rs861066|rs10490292|rs10490290|rs849205|rs849203|rs2193077|rs1606237|rs7600287
16:85459134-85533240,GAGACAAAACAGGGGA,0.05419,0.1097,40.21,1.0,2.277e-10,rs2035489|rs2035490|rs4783200|rs900764|rs900766|rs7186021|rs731957|rs7193174|rs7199013|rs8053194|rs7185290|rs7197425|rs8053797|rs8048742|rs9930924|rs9936643
1:112516275-112560278,GGACAGCAGCG,0.0203,0.04739,35.56,1.0,2.475e-09,rs17676657|rs3017627|rs3008542|rs7513088|rs10745323|rs3008530|rs3000752|rs3000754|rs7548711|rs7555530|rs7526235
1:160991821-161037857,CGGAAGGA,0.008532,0.02749,38.05,1.0,6.911e-10,rs6695707|rs2073653|rs6686076|rs6427573|rs1556260|rs1556259|rs4617422|rs16832617
11:130089026-130160456,AGAACCGAG,0.02827,0.05929,35.28,1.0,2.856e-09,rs516017|rs1102478|rs4936094|rs858701|rs649373|rs519024|rs1675537|rs1675540|rs858719
7:9388999-9616143,CAACAAGCAAACAGGCAAAGGAGAGGGA,0.01534,0.04083,37.14,1.0,1.098e-09,rs17161595|rs12702896|rs10952163|rs12702898|rs7806398|rs7787758|rs7806300|rs2350842|rs4509227|rs12537330|rs10266127|rs2350835|rs7458742|rs11976821|rs11981300|rs11972100|rs2713328|rs16876033|rs7782202|rs2251806|rs2709097|rs2350846|rs2709091|rs2713320|rs9918582|rs17161702|rs9918508|rs16876126
4:37973722-38141239,GGGGGACAAAGGGGGAAAGCAAAAAAGGAGAGAAGGGAAAAGGGGGGGA,0.02432,0.057329999999999985,25.63,1.0,4.134e-07,rs6858227|rs2890591|rs10011664|rs6841167|rs10084926|rs1006181|rs7672883|rs4144802|rs6835205|rs4832980|rs13142228|rs7671645|rs933819|rs933821|rs10018836|rs7670756|rs6818409|rs10018389|rs7675606|rs7674408|rs1863329|rs13137431|rs933824|rs12642052|rs933818|rs10009706|rs1425576|rs1863326|rs1863325|rs9306956|rs2303422|rs2303421|rs933823|rs933822|rs3890061|rs10013783|rs6839424|rs1344603|rs623945|rs645469|rs750317|rs598715|rs637495|rs636238|rs605073|rs633059|rs9852|rs17607791|rs17580037
4:161059762-161114166,AAGGGAAGGGGAGAGAG,0.03486,0.0698,36.06,1.0,1.917e-09,rs17039226|rs17328104|rs17262338|rs17328221|rs11725207|rs1922867|rs11723182|rs1882684|rs1316398|rs1316399|rs6852530|rs17262799|rs12331818|rs11941120|rs11930198|rs17329555|rs1922869
17:31848188-31919979,GAGGAAAAGCGAGAAGAGAGAAG,0.01273,0.03285,26.41,1.0,2.758e-07,rs9914954|rs10512445|rs11652482|rs1434586|rs4794957|rs12937613|rs12948250|rs8074314|rs8079016|rs9915789|rs1013626|rs9898999|rs7224916|rs964459|rs6505358|rs4795810|rs12453488|rs9904596|rs12949365|rs12936007|rs2347548|rs4795813|rs4794962
10:125334949-125486119,GACAGGCAGAAAGGGAGGAAGGGAGGGGG,0.01739,0.04799,35.17,1.0,3.014e-09,rs1317737|rs2280190|rs841046|rs1588960|rs12253624|rs2486042|rs2486041|rs2486040|rs11595283|rs7073615|rs12415481|rs6599708|rs12241392|rs11248604|rs11248605|rs10902964|rs10902967|rs10794626|rs12762474|rs12243970|rs12763734|rs10902975|rs990598|rs10902976|rs7084727|rs7097661|rs12779404|rs10902797|rs1896384
2:11142721-11223962,GCGCCAAGGCAGCCGAAAAAGAAGGA,0.1721,0.2615,32.89,1.0,9.777e-09,rs1901753|rs4668704|rs4668705|rs12472523|rs4668706|rs4669677|rs6733287|rs12053436|rs11903722|rs10176051|rs1349722|rs4668708|rs2357887|rs11679968|rs11689191|rs2100369|rs7564899|rs10194175|rs10197275|rs10185403|rs13019113|rs4669685|rs10164900|rs6432168|rs1073201|rs13019468
12:68794078-68828146,AAAAAGAAGAGAACAAAGAG,0.009916,0.03147,35.43,1.0,2.642e-09,rs7976934|rs10878819|rs7307444|rs918266|rs6581821|rs7971691|rs929713|rs2160890|rs10878821|rs6581822|rs10878822|rs6581824|rs10878824|rs7297456|rs10878825|rs7313354|rs7959783|rs2287476|rs7133169|rs7307293
13:95485651-95521366,GAGAAGGA,0.008882,0.0277,34.8,1.0,3.663e-09,rs7318375|rs16950207|rs17196492|rs11070098|rs1022889|rs11070099|rs2209852|rs7982741
10:14706422-14741168,GAAAGGCCGGGAGAAGGAGGAG,0.04481,0.08216,29.8,1.0,4.784e-08,rs12246732|rs913295|rs10906736|rs10906737|rs11259252|rs10906742|rs9665534|rs6602751|rs7910586|rs11259266|rs7096784|rs11259268|rs7922034|rs2948719|rs4750552|rs3107803|rs2609836|rs1410073|rs2245326|rs2688841|rs2688838|rs10906748
12:70871858-70944620,AGAAGGCGAGAG,0.1327,0.1946,34.23,1.0,4.9070000000000005e-09,rs429295|rs5022970|rs630608|rs1025408|rs445400|rs3752703|rs2278346|rs2584028|rs2567140|rs11178283|rs2567137|rs2584026
11:25394425-25662734,GGGGAGAAAAA,0.01401,0.035789999999999995,32.39,1.0,1.263e-08,rs2404071|rs10767373|rs12807415|rs2028614|rs4336989|rs1561937|rs17308120|rs2120148|rs1115420|rs7102465|rs4356180
6:303017-466368,GGGAAAAAGAGAAGAAGGCGGCAAAGAGAGAGGAGGGAGAAAGAGAG,0.1795,0.08598,24.71,1.0,6.649e-07,rs7754000|rs9378774|rs1033180|rs9503555|rs6899334|rs6930635|rs12203592|rs1775589|rs2671422|rs1877179|rs3778607|rs2001508|rs17825664|rs3800262|rs1050976|rs7768807|rs1877175|rs872071|rs6906608|rs7757906|rs11242867|rs9378805|rs9378808|rs9378374|rs7748534|rs950286|rs9405666|rs9328192|rs872468|rs6920655|rs4959880|rs9392017|rs7749710|rs9405675|rs9392537|rs9405681|rs9405683|rs4311550|rs908026|rs4959270|rs2316795|rs962517|rs908024|rs908023|rs868094|rs1540771|rs1540767
3:55935470-56099091,GGACAGGGGGGGGAGA,0.6517,0.7307,28.97,1.0,7.35e-08,rs6774470|rs13072547|rs1110225|rs6794124|rs11713641|rs11917617|rs13076088|rs1350411|rs11715867|rs7650821|rs1379717|rs1379715|rs9850937|rs17031174|rs2203828|rs1401404
1:97296030-97543959,ACAGAAGGAGAAGCGAAAAAAAG,0.00955,0.028860000000000007,33.96,1.0,5.618e-09,rs478727|rs635578|rs6673719|rs17115879|rs6701736|rs17115886|rs11584120|rs11584143|rs11584817|rs1401836|rs1519891|rs2088095|rs722102|rs12096182|rs17115963|rs6659733|rs10493887|rs12098200|rs12565126|rs11165753|rs290826|rs291550|rs1042482
3:176210523-176267268,GAAGGGGGAAAC,0.02464,0.0546,33.92,1.0,5.744e-09,rs526346|rs1156688|rs9838609|rs7645298|rs1483935|rs1454149|rs1351800|rs17620274|rs1377828|rs9818162|rs1377820|rs1349837
7:138323516-138397399,AAGGCGAAGAAGGACAGGAGGAGGGGGA,0.01813,0.04977,33.66,1.0,6.563e-09,rs1631216|rs2919140|rs1673174|rs6956225|rs4442078|rs1659794|rs11762109|rs12707391|rs11770967|rs17160449|rs12535253|rs17160459|rs7804639|rs10250086|rs296913|rs296917|rs11769043|rs6944016|rs17160475|rs400800|rs17160478|rs13238715|rs6957669|rs12707395|rs3778703|rs3778701|rs6977910|rs7810105
4:38238718-38283255,AACGGAAACAGAAGG,0.01941,0.04594,32.08,1.0,1.479e-08,rs4833014|rs13139983|rs4833022|rs17426830|rs907314|rs1467093|rs2175444|rs1467092|rs1467091|rs16994377|rs1006658|rs7660869|rs6836575|rs4833028|rs4833029
4:11412625-11432165,GGAGGGAGGAAAC,0.01402,0.03741,33.25,1.0,8.106e-09,rs16881495|rs224463|rs17423205|rs17488994|rs10939293|rs224490|rs13135853|rs2109600|rs16881636|rs7660531|rs7660733|rs12054490|rs224489
11:20020884-20063760,AAAAGGGAAGGGGAGGGACGGGGCCC,0.01034,0.03112,31.78,1.0,1.726e-08,rs10741808|rs2584840|rs16937344|rs11606785|rs12286318|rs11605275|rs11025356|rs2568131|rs12577511|rs12807657|rs7101488|rs4757880|rs920671|rs2006636|rs920675|rs11025359|rs12807369|rs12276043|rs7131550|rs4757882|rs10741810|rs12792313|rs7126277|rs7126220|rs12795296|rs10833229
2:140908752-140930736,GAAGGAGC,0.03363,0.06662,32.49,1.0,1.196e-08,rs2950606|rs7568724|rs1405923|rs12328474|rs10174088|rs884460|rs2220697|rs1527860
4:145410477-145511875,GAGGGGGACAGGGAGGG,0.06932,0.1142,31.78,1.0,1.723e-08,rs13142879|rs1512282|rs1032296|rs1032297|rs7677035|rs4835637|rs1512285|rs6845536|rs720485|rs6828540|rs11938745|rs1489759|rs1828591|rs1980057|rs7655625|rs13118928|rs7670758
16:3064698-3111203,AAGAAGGGCGGAGA,0.01199,0.032389999999999995,30.36,1.0,3.5830000000000004e-08,rs2717700|rs2717713|rs2526279|rs1859376|rs11642206|rs2360166|rs1004792|rs879734|rs2360168|rs2247226|rs10431961|rs7199221|rs1064875|rs7188573
1:49086889-49178446,AGAGAGGGACAAAAAGAAAGGAAAC,0.009971,0.0294,31.86,1.0,1.655e-08,rs320031|rs320035|rs319983|rs319986|rs319987|rs1999709|rs393994|rs319952|rs319993|rs319994|rs320003|rs320004|rs320008|rs320009|rs320011|rs1966247|rs397260|rs369522|rs367316|rs444167|rs387244|rs319959|rs11205521|rs319981|rs10888614
21:36897326-37049608,GAGGCGAGGAGGAAAA,0.2541,0.3295,31.69,1.0,1.811e-08,rs387224|rs449004|rs928287|rs2205031|rs2205030|rs764508|rs2242926|rs2835016|rs1888457|rs2835035|rs2242752|rs2242753|rs1734501|rs909446|rs9980814|rs2835079
12:106100211-106153769,GCAGAAAAAGACGGCACA,0.07382999999999999,0.1156,24.76,1.0,6.484999999999999e-07,rs11833072|rs1962255|rs10778430|rs10861485|rs10746041|rs10746042|rs7975808|rs12427321|rs10778434|rs12814819|rs7956146|rs7975018|rs1819502|rs4550315|rs10861493|rs7960156|rs7958715|rs11616003
5:852207-981019,GAAAAAGA,0.02363,0.04849,25.32,1.0,4.858e-07,rs7702532|rs12518024|rs13179524|rs4957112|rs4957114|rs12653180|rs10071835|rs10065177
1:208051059-208158787,AAAGAAAAGGCGGC,0.02647,0.05535,31.26,1.0,2.261e-08,rs2745948|rs2745954|rs2745955|rs2259397|rs2796254|rs2488250|rs1074327|rs11579848|rs12066493|rs11579530|rs11579568|rs11118962|rs2184820|rs475774
8:72553255-72629959,GGAACAAAAAAGAGCGGAACGCAGGGGCGGGAGAAAAAAGGACGGGA,0.01216,0.03484,31.22,1.0,2.305e-08,rs2977752|rs7016584|rs17727266|rs7834018|rs16937759|rs7833292|rs7818637|rs1364616|rs6472596|rs7822050|rs1424881|rs16937772|rs6986887|rs10504513|rs17795408|rs11988296|rs10504514|rs11783976|rs17795839|rs13279612|rs2911739|rs2911738|rs1593272|rs7463937|rs1424883|rs16937783|rs16937784|rs2911756|rs2911755|rs970505|rs11773952|rs1035665|rs918939|rs2068674|rs7464949|rs10097819|rs13277245|rs4738150|rs6472600|rs7350140|rs6472602|rs4737325|rs10283242|rs6472604|rs6472605|rs7463045|rs4076783
15:48009994-48080805,AGAACCAAAGGGAGAG,0.6463,0.7176,25.0,1.0,5.735e-07,rs12592594|rs687566|rs11629796|rs11855134|rs501916|rs599111|rs3743276|rs483656|rs565627|rs3743281|rs531596|rs603569|rs8037600|rs1045688|rs3743286|rs17332642
6:95065361-95176640,GAACAGAAAGGAGGGAAGGGGAGGGAAAC,0.01459,0.0423,30.71,1.0,2.9930000000000004e-08,rs461442|rs12204226|rs462384|rs12176373|rs458788|rs449578|rs9354114|rs384105|rs390661|rs373754|rs2325585|rs4374804|rs12196652|rs11753129|rs9445244|rs1033581|rs6941040|rs6914928|rs6454996|rs9345481|rs7769154|rs9345483|rs2207428|rs2224003|rs9363206|rs6454998|rs1322420|rs1322422|rs7454136
20:37899700-38118190,AGAGAACGCGACAGAGAA,0.01247,0.03193,27.79,1.0,1.352e-07,rs2073314|rs8119103|rs988323|rs2868508|rs9636528|rs1012795|rs6101460|rs6101464|rs6129261|rs6129265|rs2868999|rs932384|rs909874|rs909876|rs2903983|rs2206443|rs2869013|rs6016078
10:36651214-36700944,AGACAGCAAGGGGGAGG,0.09804,0.1489,30.79,1.0,2.877e-08,rs7911097|rs2800086|rs7911503|rs12415815|rs2800089|rs2796765|rs2995470|rs11010648|rs11010651|rs2384598|rs7898044|rs10827634|rs7085749|rs17627563|rs1936559|rs10827637|rs10508845
11:132955070-132994604,GAGGCGGAAAAGGAAGCACA,0.0226,0.04968,28.56,1.0,9.084e-08,rs485633|rs10791279|rs10750530|rs7122481|rs1901914|rs715352|rs10791283|rs1431780|rs4319525|rs985631|rs6590681|rs4548631|rs1431777|rs7119176|rs2891029|rs4427573|rs476637|rs570969|rs497481|rs481086
20:61644330-61720769,AGGGGGAGAGGAAAAGAAAG,0.03287,0.06712,29.59,1.0,5.35e-08,rs4809452|rs6062769|rs2427486|rs6011534|rs6011536|rs1060489|rs6062397|rs6089828|rs6089829|rs4809467|rs12329470|rs4809472|rs6062787|rs6062792|rs6090223|rs6090228|rs6010833|rs4809484|rs6011605|rs910928
20:1659728-1689557,AAGAAAAGA,0.1484,0.2072,30.16,1.0,3.982e-08,rs202551|rs202549|rs202546|rs202540|rs202537|rs202520|rs615007|rs515883|rs599837
2:125163827-125290839,AAGACAGAAGAAAGGGA,0.132,0.1897,30.11,1.0,4.088e-08,rs1835353|rs11123042|rs11123043|rs13008912|rs12053037|rs2003039|rs1574504|rs2920059|rs2420865|rs2421083|rs6745541|rs1827596|rs869760|rs884376|rs6722179|rs6722312|rs12612022
5:861905-959224,GAGAAAAAAAAAAAA,0.03662,0.06773,27.94,1.0,1.251e-07,rs10067227|rs10475433|rs13436859|rs7702501|rs744587|rs10072022|rs6555568|rs920980|rs14389|rs10068712|rs7728035|rs16903665|rs10058912|rs10475464|rs16867926
6:161391546-161541909,AGAAGGAAAAGAGACGA,0.01027,0.02827,28.61,1.0,8.874e-08,rs685388|rs602837|rs4709485|rs12203648|rs9365245|rs1562026|rs1822520|rs1001808|rs3757021|rs9364586|rs2140650|rs1404269|rs2872613|rs4709491|rs1534020|rs9365252|rs12527150
20:5485097-5582457,AAGGGCAGAGAGAGGAAGGGA,0.0155,0.03646,25.89,1.0,3.615e-07,rs7264030|rs7269032|rs6076847|rs6038189|rs6139756|rs6116828|rs16991051|rs6053465|rs2295370|rs6107647|rs6053474|rs4813762|rs6107648|rs1053399|rs6085202|rs6107653|rs6053499|rs3818171|rs6053523|rs1983694|rs6053527
1:112496701-112513203,CAGGAAACAGA,0.008718,0.02553,29.61,1.0,5.2720000000000005e-08,rs11102362|rs6703437|rs1373290|rs17676470|rs4838932|rs7525808|rs7548910|rs4839194|rs3008538|rs10776739|rs894846
3:125733081-125825661,CGGGGGAGGAGAAAAGGAC,0.01644,0.03864,29.56,1.0,5.427e-08,rs883207|rs3804587|rs11925965|rs7633958|rs7646705|rs7649483|rs9840962|rs12633421|rs6795856|rs6808519|rs4308226|rs4314124|rs6796610|rs2365011|rs2003334|rs4646761|rs4646760|rs10934744|rs4646751
12:20803549-20862939,AAGAAGAGGGAACGCAA,0.01627,0.03696,26.04,1.0,3.351e-07,rs10743384|rs6487125|rs10770687|rs11045372|rs10841588|rs10770690|rs7137534|rs954865|rs7305275|rs11045392|rs3751218|rs959346|rs10770702|rs10770704|rs10770705|rs3794271|rs11045399
4:118929651-118976492,AGAGGA,0.008048999999999999,0.02392,29.3,1.0,6.197999999999999e-08,rs10516642|rs2389489|rs10000049|rs6534078|rs7687849|rs7688063
12:109537564-109641162,CAGGGAGAAAGAAAGGGAGGAAGGAG,0.01734,0.04037,27.18,1.0,1.854e-07,rs2541886|rs3219243|rs7978946|rs34263|rs1642031|rs2430682|rs7305012|rs2436631|rs2878960|rs4766494|rs2300461|rs1642040|rs2268405|rs34266|rs16934132|rs7976552|rs34271|rs246095|rs6606697|rs2300455|rs7135947|rs12824299|rs4300440|rs2268393|rs2268391|rs7976245
5:38904363-39113637,GGGCGGGAGAAGAAAGGA,0.3166,0.2479,23.55,1.0,1.218e-06,rs1239334|rs1239339|rs357260|rs357291|rs357277|rs1239344|rs2043112|rs1239259|rs1239256|rs1239276|rs10472314|rs9292729|rs12233987|rs6880882|rs10064513|rs6895953|rs10065847|rs10061822
1:188318757-188440351,GGGCACGAGG,0.009544,0.02667,28.93,1.0,7.496e-08,rs6665263|rs1489256|rs10912364|rs1472004|rs10912385|rs10912388|rs10798214|rs1489259|rs6680786|rs12091277
6:161369945-161498472,AAACAAAGACC,0.009986,0.0273,28.63,1.0,8.76e-08,rs9365235|rs9355861|rs590988|rs644110|rs594602|rs13200744|rs9295134|rs9365246|rs12665456|rs12174748|rs9458114
4:78974336-79071788,AGAAAGAGAGGGCA,0.04071,0.07303,27.24,1.0,1.793e-07,rs2036460|rs2055493|rs1502887|rs1502881|rs873455|rs4591635|rs9284617|rs17002919|rs17002923|rs10026071|rs10518187|rs17002971|rs10440393|rs9307350
5:174019102-174135863,GAGCAAAAGAAAAGAAAGAAGGGGGAAAAAA,0.5381,0.6447,27.71,1.0,1.412e-07,rs11134862|rs10462906|rs12515393|rs11748851|rs4868431|rs4868432|rs12186684|rs6859717|rs1387767|rs11746728|rs17063801|rs10463040|rs11749255|rs6864763|rs13163544|rs13168780|rs4868438|rs11744357|rs7720077|rs1507808|rs9765586|rs11738361|rs10051893|rs7701069|rs17796183|rs1567207|rs884823|rs12659443|rs7716340|rs6556154|rs11952298
4:78984082-79083490,GGGGCAAGAAGAGCGGA,0.06001,0.09971,28.36,1.0,1.008e-07,rs10518184|rs10213379|rs1964669|rs4241622|rs7677432|rs4423900|rs13130161|rs6847174|rs10033428|rs10025977|rs6845871|rs2078481|rs1317018|rs6848061|rs17420118|rs9307352|rs10518194
11:23804832-23864400,AAAAAAGGAGAAAA,0.02161,0.04606,28.33,1.0,1.02e-07,rs7118415|rs7111329|rs10500968|rs4304772|rs10742004|rs7113510|rs4362144|rs11027535|rs11027540|rs12225319|rs11027552|rs10767126|rs2178219|rs4267072
6:114654688-114812797,CGAAAACGGGGG,0.7609,0.6932,27.4,1.0,1.653e-07,rs17325929|rs2294232|rs1323047|rs2349468|rs9488390|rs10155761|rs10080647|rs9320493|rs9374461|rs1408454|rs6568842|rs1324441
3:15192862-15333551,GAACAAGGAAAGAGGAGGAGAGCGAGAGGGGGCA,0.01616,0.0405,27.68,1.0,1.433e-07,rs9858968|rs4685240|rs9827530|rs13100398|rs7636348|rs4685241|rs7639618|rs7639807|rs7651842|rs735659|rs353093|rs9864422|rs826428|rs17539401|rs826426|rs17539942|rs9881202|rs7632200|rs1318937|rs2291853|rs3773471|rs8225|rs1287468|rs4036836|rs851848|rs988682|rs6772096|rs826431|rs2729689|rs2633979|rs1106130|rs17040960|rs2729687|rs7636739
8:80658578-80764370,GAACCGGAAAGCGGAAGGAGGGGGCGGGGGA,0.02292,0.05709,27.49,1.0,1.579e-07,rs2467781|rs2461043|rs1444547|rs1046472|rs960978|rs2920950|rs2956251|rs2467777|rs4739987|rs7819714|rs10957943|rs2920949|rs2467798|rs2467799|rs2247008|rs4329312|rs1838440|rs3863243|rs2457400|rs10110615|rs1396856|rs2467769|rs2467768|rs2457398|rs2467764|rs10109063|rs2467762|rs2467785|rs2467787|rs176085|rs378052
6:16203324-16208742,GAA,0.6818,0.6086,28.0,1.0,1.215e-07,rs7748814|rs2092107|rs9358087
5:140757301-140940025,AAGGA,0.008783,0.02505,27.99,1.0,1.222e-07,rs17603019|rs11575963|rs251021|rs397327|rs17524736
10:98403546-98430602,AAAGGGCAGGGGGG,0.2497,0.3237,26.15,1.0,3.157e-07,rs11188870|rs11188871|rs11188872|rs4919048|rs10748687|rs3748232|rs3827867|rs7098785|rs1023742|rs7083114|rs1992055|rs1992057|rs7920142|rs11815543
2:157885769-158140717,GGGGCGGAGAGGAACGGCAGGGG,0.01608,0.03729,25.04,1.0,5.62e-07,rs6717435|rs13393973|rs1481388|rs1481372|rs1481373|rs1481374|rs11888047|rs1481385|rs1481234|rs7355634|rs1580359|rs12694882|rs1481235|rs962286|rs10497177|rs263326|rs263317|rs6745904|rs834129|rs10177010|rs834140|rs707137|rs2289942
3:125309574-125436243,ACGAGGGGAAAA,0.009352,0.02454,23.75,1.0,1.095e-06,rs2979307|rs2979306|rs2922194|rs4679177|rs4679428|rs2979350|rs2922168|rs4574231|rs2922167|rs2976757|rs2979311|rs35628803
16:57353888-57461724,GAAGAAGAAAGAGACGAGAG,0.03081,0.05816,23.37,1.0,1.337e-06,rs12925029|rs4784791|rs1117361|rs591940|rs11643837|rs223812|rs170361|rs4151117|rs8102|rs614230|rs11859006|rs8063316|rs223895|rs223898|rs223899|rs223900|rs223827|rs188872|rs648742|rs190108
8:40801951-40957887,CGGGCAGGGAAGGACAGAGGAA,0.1621,0.2283,27.71,1.0,1.411e-07,rs963520|rs2353240|rs3847180|rs3842923|rs10958646|rs3847183|rs10958648|rs1870020|rs7821626|rs10808950|rs7826932|rs1379134|rs6474296|rs7011811|rs7813807|rs10103283|rs10097162|rs936270|rs4736917|rs4554449|rs7832777|rs17652249
5:55349049-55409421,GGAAAGAGGAGGGAAGAGA,0.02039,0.04675,27.68,1.0,1.43e-07,rs11742921|rs10068437|rs10042443|rs10036423|rs10059243|rs10471966|rs10061040|rs10063964|rs7700857|rs533976|rs10066150|rs16884781|rs322019|rs9647530|rs689379|rs186451|rs321775|rs321776|rs160919
3:134020548-134134236,GAAGAAAGCGAAGGGAGGACAGAAGAAACAAG,0.016819999999999998,0.0444,25.85,1.0,3.698e-07,rs4504146|rs13080059|rs4533618|rs4682662|rs9289466|rs7636249|rs11928672|rs11917363|rs4974489|rs9817900|rs4974496|rs2133307|rs1498730|rs9853621|rs1111516|rs6439477|rs2400278|rs4974498|rs4974486|rs3773820|rs1466827|rs11919447|rs11923513|rs10755085|rs17312996|rs11718883|rs2400273|rs4974500|rs4974501|rs3846051|rs9829949|rs10433423
21:37101040-37293055,GAGAGAGCGGAAAAGCGGAAAGAGGG,0.3657,0.4451,26.26,1.0,2.991e-07,rs2222956|rs2835108|rs2835121|rs2835123|rs1883054|rs2835131|rs741743|rs433074|rs466128|rs427899|rs399387|rs459835|rs2835140|rs2242793|rs2835144|rs9980922|rs2091856|rs2091855|rs741754|rs2835153|rs7277535|rs403433|rs2845716|rs367467|rs2257149|rs2835158
3:185853075-185894484,GCAGAGAGGG,0.01945,0.04247,26.66,1.0,2.42e-07,rs6783586|rs11706414|rs6444109|rs2575|rs7627157|rs4686740|rs9826842|rs1400362|rs4686411|rs9815931
7:37440489-37472124,GACGGGAGAAAGAAAAAGA,0.01265,0.0328,27.39,1.0,1.663e-07,rs7803682|rs13241143|rs7788477|rs11765583|rs13245967|rs17171025|rs17171026|rs1425125|rs4565373|rs1731986|rs1647801|rs987702|rs1618858|rs10253164|rs10260856|rs17261508|rs12540876|rs17202203|rs7777258
17:32776715-32813054,GGAAAGGAGAGCA,0.03845,0.07039,27.34,1.0,1.708e-07,rs4795926|rs11658989|rs9914017|rs4331381|rs1367955|rs1030606|rs16969896|rs17614930|rs12947419|rs1036495|rs2289161|rs891754|rs8065634
9:104374738-104535125,GGAAAGAACGACGAGGGCAAG,0.2245,0.2887,24.35,1.0,8.05e-07,rs7875712|rs10115481|rs10989574|rs7031570|rs1323421|rs1924032|rs1323416|rs1323415|rs942142|rs10512285|rs1535631|rs7856857|rs2485521|rs2485522|rs7863180|rs4278209|rs4278210|rs7848096|rs2067056|rs7874128|rs10819990
3:133137284-133241106,AAGCGAGAAAGGGAGGAGGGAGAAAGAGAAAGAAGAA,0.06726,0.1407,24.86,1.0,6.174e-07,rs4854585|rs10935060|rs13073286|rs9853365|rs9820011|rs9858615|rs6762405|rs9883661|rs2276737|rs1881918|rs10935064|rs931099|rs16840448|rs12632048|rs17366157|rs7628262|rs9289448|rs899458|rs7628499|rs7637878|rs7625229|rs1904311|rs6439411|rs7652889|rs6439412|rs13073410|rs10935066|rs10433342|rs6762168|rs9876777|rs6439419|rs9814681|rs13065952|rs9820205|rs9857979|rs13095648|rs13059279
12:69305458-69354633,GGAAAAGGGCCGGG,0.008951,0.02525,27.2,1.0,1.836e-07,rs1152937|rs1144959|rs1565862|rs7306026|rs1144963|rs1195813|rs1195812|rs10878879|rs10784735|rs2870830|rs4351896|rs10784738|rs10784739|rs10878881
4:160825866-161028817,AGGGAAAAACGCACAAAAAGA,0.08147,0.124,25.28,1.0,4.96e-07,rs2348996|rs13133802|rs11100268|rs13142965|rs7665221|rs13118592|rs11100271|rs1035895|rs13112886|rs17324206|rs1428412|rs7689243|rs7674336|rs17326052|rs17326199|rs10031516|rs6839487|rs9308000|rs7655275|rs1651214|rs17261688
9:104385711-104504756,GGAGAAAA,0.6848,0.6143,25.95,1.0,3.504e-07,rs10989563|rs10512283|rs13296742|rs4743484|rs2050641|rs1337684|rs1337682|rs2900317
10:91070950-91116790,AGAAC,0.4492,0.5221,24.31,1.0,8.207999999999998e-07,rs1888923|rs4934471|rs7095398|rs10159774|rs627524
12:113031474-113209519,AGAAAACAGAGGAAGGGAGAAG,0.0114,0.03004,26.42,1.0,2.744e-07,rs233722|rs17824050|rs233716|rs2158241|rs1015249|rs2214426|rs958817|rs4766650|rs10850071|rs4767002|rs1981544|rs10850076|rs739742|rs1024467|rs4767003|rs7315519|rs3803062|rs2189271|rs886349|rs11610836|rs6489858|rs10850078
22:37981729-38022622,ACGGAACCC,0.008662999999999999,0.02337,23.51,1.0,1.243e-06,rs5995472|rs7290515|rs2413472|rs4419331|rs9622658|rs761336|rs2294972|rs9619691|rs6000847
10:9436362-9521776,AAGGCAAGGAAAGA,0.3341,0.4075,26.96,1.0,2.082e-07,rs10905551|rs7091933|rs10795712|rs933079|rs1335239|rs12783041|rs7903944|rs10752163|rs972701|rs10795716|rs10508394|rs4749862|rs1335229|rs17515084
2:146349854-146388530,GAGGAGAC,0.01687,0.03809,26.89,1.0,2.156e-07,rs1484917|rs12476415|rs4662248|rs1385363|rs13396091|rs13424245|rs7603916|rs9287376
16:77339588-77416858,CGGAAAGGGGACGGAGGG,0.01028,0.02789,26.85,1.0,2.199e-07,rs17713161|rs6564427|rs8063520|rs6564430|rs11643269|rs274539|rs10514415|rs2562112|rs2246607|rs8044972|rs11643211|rs9941345|rs2115418|rs7205945|rs13332995|rs1549666|rs6564438|rs13338254
11:19735987-19776660,GCCCAGGGAAGG,0.01024,0.02758,26.83,1.0,2.224e-07,rs2278132|rs1319701|rs7118901|rs2042600|rs1035699|rs1425227|rs4757841|rs10741799|rs10766589|rs10766590|rs4757842|rs10741800
5:31991556-32051339,GGGGAGCGGAGGGAGCAAAAGGGC,0.01843,0.04778,26.82,1.0,2.231e-07,rs1833813|rs10054504|rs890998|rs4867100|rs10940992|rs16901740|rs12656499|rs7725120|rs2330882|rs4642384|rs889216|rs16901746|rs7707783|rs6871123|rs10940994|rs12188679|rs10039073|rs323827|rs438834|rs403457|rs422224|rs17433352|rs328618|rs328617
10:115833936-116034166,GAAAACGGGGAAAGGAGAAAAACAGGGGAGGCAGAGGA,0.03282,0.06209,26.1,1.0,3.242e-07,rs12776874|rs7905846|rs12778917|rs11594867|rs682836|rs7095762|rs11598654|rs17776701|rs12782946|rs1061159|rs10509997|rs12242939|rs12251656|rs12774590|rs11196652|rs7077087|rs12268539|rs7071230|rs998334|rs2616637|rs10510000|rs10160173|rs3888629|rs7078513|rs12265237|rs12266538|rs1978224|rs3930006|rs35045310|rs672785|rs9664945|rs12262953|rs12773168|rs649785|rs526930|rs17091481|rs17091488|rs10885541
19:31978708-32104979,AAAGGGAAGGGGGGAGACAG,0.06989,0.1113,24.81,1.0,6.328e-07,rs8113581|rs12980184|rs9676902|rs918584|rs11878635|rs11666875|rs2032868|rs11084588|rs7247132|rs8103067|rs10164284|rs2194198|rs2194199|rs12973240|rs11670937|rs11672575|rs8104918|rs8109276|rs929812|rs11084596
3:5062609-5097993,GAACGAGGCAGGG,0.3138,0.3881,24.19,1.0,8.723e-07,rs9821267|rs11716050|rs11927386|rs17790604|rs7616918|rs7639315|rs2117038|rs11918600|rs6809156|rs2570014|rs2606768|rs17791096|rs6442929
10:128001759-128039386,GAAAGAGGGGCAGGGCAGG,0.02052,0.04641,26.59,1.0,2.518e-07,rs10901587|rs868589|rs17154713|rs873957|rs10901589|rs11244955|rs7097346|rs10901590|rs3995780|rs10901593|rs3740199|rs7081074|rs10901596|rs10901597|rs10901598|rs3847470|rs7910333|rs7082031|rs10901600
12:129530367-129593747,GAAGAAGGGGGCAAGCGGAAAGAGAAGGAAAAA,0.01184,0.033010000000000005,26.17,1.0,3.123e-07,rs11060099|rs491987|rs653450|rs10847752|rs3851668|rs500769|rs11060111|rs486721|rs11060114|rs9645722|rs11060115|rs11060117|rs2292723|rs10773594|rs12372807|rs10847754|rs875729|rs9788224|rs12578725|rs11060126|rs1872716|rs7303836|rs7303978|rs1872712|rs1386212|rs10847765|rs6416194|rs11060131|rs10773595|rs10773597|rs4964839|rs12312628|rs10847770
14:51870842-51949946,GGAAGGAGGA,0.01407,0.033710000000000004,26.45,1.0,2.706e-07,rs12881321|rs10142129|rs10147918|rs10148432|rs4597233|rs12890680|rs17252441|rs7152689|rs1570128|rs7155175
4:160869705-161014288,AAGGCGGGAGGACAAAA,0.09097,0.1391,26.44,1.0,2.725e-07,rs4271965|rs7691046|rs6814814|rs2349006|rs6536489|rs2349003|rs1986432|rs12650598|rs4690967|rs2711273|rs2708233|rs2708232|rs976046|rs1366345|rs2059844|rs1593935|rs1651215
5:55572020-55641683,AGGAGGGACGAAAGGAAGGAGAGGGGGAGG,0.06725,0.1072,24.92,1.0,5.965e-07,rs17653152|rs2342888|rs1862524|rs152318|rs158487|rs4700208|rs160078|rs32504|rs4700218|rs158666|rs158667|rs154828|rs4699912|rs32489|rs7341141|rs7341027|rs1990977|rs32493|rs150390|rs152332|rs11747606|rs158642|rs32516|rs158640|rs158639|rs158347|rs158346|rs158342|rs32497|rs1423115
7:90270664-90405834,ACAGAGGG,0.1461,0.2007,26.13,1.0,3.19e-07,rs12672866|rs714352|rs2888808|rs6976601|rs7804518|rs994511|rs6966074|rs3779554
19:55661621-55681833,GAAAA,0.03989,0.07038,25.25,1.0,5.027000000000001e-07,rs3810351|rs3729709|rs891187|rs2365725|rs6509931
19:9945354-10017135,AGAGACAACAGGGAGC,0.01408,0.03402,26.26,1.0,2.986e-07,rs2233679|rs1077220|rs8104651|rs889162|rs2303100|rs12609594|rs16996255|rs12610468|rs889122|rs16996444|rs8113425|rs12979274|rs4239546|rs6511235|rs6511244|rs7246906
3:108147728-108475808,GCGAGAAACGGG,0.01019,0.0266,24.36,1.0,8.004000000000002e-07,rs3900940|rs11917965|rs1454196|rs13069780|rs10511272|rs10933952|rs7637408|rs4635711|rs6437794|rs726944|rs1975569|rs1107337
3:118908226-118909538,AC,0.08805,0.1319,26.21,1.0,3.0620000000000003e-07,rs9835060|rs9878996
9:13744658-13772055,CGAGAGAGAGGCAAGAGAA,0.1098,0.1589,24.12,1.0,9.039e-07,rs1887456|rs10961216|rs10810013|rs930543|rs10738341|rs10810020|rs1327510|rs10756492|rs1011529|rs11789440|rs10738342|rs10756494|rs10961227|rs10756496|rs10756497|rs966992|rs10961229|rs1034167|rs10756500
7:4877012-4926950,AAAGAAGAAGAGAGAGGAAGG,0.03779,0.07176,25.84,1.0,3.707e-07,rs3763381|rs13243520|rs10232563|rs6958275|rs17135213|rs6964780|rs10235539|rs13239955|rs6948315|rs11972290|rs1553960|rs17135247|rs3750010|rs7794427|rs10240422|rs10266401|rs11973654|rs4724137|rs6463152|rs7782302|rs404449
13:100477386-100518580,GCGGGAAACAAGACAAGAAA,0.01942,0.04302,23.82,1.0,1.06e-06,rs9513673|rs2761168|rs1555589|rs2761171|rs1028710|rs1028711|rs1886031|rs2893010|rs9517895|rs9513675|rs7994234|rs8000862|rs8002555|rs4592516|rs9554642|rs1886035|rs9517898|rs9517899|rs7992587|rs3783185
5:127672312-128000893,GAACAGAAACCGGG,0.289,0.3568,23.72,1.0,1.113e-06,rs32222|rs331076|rs331075|rs331087|rs331083|rs331078|rs4836373|rs11241959|rs6595827|rs6892983|rs13155917|rs4836380|rs4452595|rs7706547
14:86846845-86923368,GAGGCGGGGGGGAGG,0.0303,0.05759,25.07,1.0,5.521e-07,rs1505180|rs804963|rs9323788|rs804930|rs7143328|rs8010573|rs17122289|rs7153976|rs7147578|rs17122299|rs10484102|rs12882718|rs17122386|rs7492828|rs10132264
10:127460753-127656067,GAAAAGGGG,0.02683,0.052620000000000014,25.6,1.0,4.21e-07,rs7922546|rs12251135|rs12259918|rs2282439|rs7072359|rs7070013|rs12573823|rs7894453|rs7907300
10:50143377-50206125,GGGGAGCAGGCACCCA,0.01197,0.029960000000000007,25.52,1.0,4.383e-07,rs10857661|rs10776658|rs2457466|rs2663067|rs2663028|rs2663068|rs7098224|rs3829206|rs4614357|rs7091429|rs11101573|rs2292585|rs7093656|rs2252811|rs7086917|rs2090126
15:60388777-60423980,GAAAAC,0.008925,0.02448,25.54,1.0,4.328e-07,rs8037284|rs335779|rs7175629|rs10048054|rs11633332|rs17270013
1:17778571-17843099,CAAAGGAAC,0.03841,0.06872,24.9,1.0,6.043e-07,rs2526822|rs12078935|rs4920609|rs4284283|rs4387213|rs7534298|rs6689677|rs11203414|rs4083558
5:32462753-32474006,GAA,0.1365,0.1885,25.51,1.0,4.412e-07,rs10520999|rs4867450|rs599932
7:37592231-37888627,CAGGACGGAGAGGAAGGGGGAAGGAGGAAAAA,0.04368,0.07664,25.47,1.0,4.497e-07,rs6971768|rs6980232|rs2033043|rs918980|rs6462776|rs10257469|rs1078497|rs6462777|rs6957814|rs890111|rs10270490|rs4723679|rs10232731|rs6952993|rs6462780|rs11772261|rs4720256|rs3847016|rs3916058|rs4723693|rs7784238|rs9942693|rs10272013|rs4723696|rs11764256|rs11771135|rs2392510|rs10243140|rs10257984|rs10241576|rs1597550|rs4720262
10:128466845-128565076,ACGGAGAAAGGACAGGAGGAGAAGAAGGCAAAAGGGGAGAC,0.06152000000000001,0.104,25.46,1.0,4.517e-07,rs10901701|rs7100708|rs4403722|rs10901703|rs10901705|rs7909809|rs7090934|rs4962622|rs7907706|rs4635001|rs10751582|rs10901713|rs4517431|rs4492724|rs7084855|rs6597817|rs12267639|rs4293044|rs7916510|rs10901724|rs961347|rs17155407|rs12571983|rs7897351|rs10901726|rs7894577|rs6597823|rs17691907|rs4474358|rs4534488|rs7074496|rs11598954|rs4962373|rs10901734|rs11814321|rs11814342|rs4562717|rs4570501|rs11596809|rs11245203|rs11245204
21:20426064-20645883,ACAGAAAAGGAAGAGAAAGCGCGCAAA,0.03722,0.06745,23.7,1.0,1.125e-06,rs2180878|rs2025059|rs2825347|rs764063|rs1573286|rs9305899|rs8129277|rs2825359|rs2897548|rs7279327|rs2017808|rs2825377|rs1160744|rs1160745|rs2825380|rs2825386|rs2051362|rs7280677|rs989247|rs2825403|rs1015566|rs2825410|rs2825412|rs2032153|rs2825442|rs13052468|rs1158345
10:81218501-81408081,AGGGGGAGGGAC,0.1002,0.1475,25.06,1.0,5.548e-07,rs10443918|rs11003003|rs10740507|rs7909837|rs11003013|rs12220980|rs12773500|rs11003030|rs731491|rs1250766|rs1427815|rs2678577
19:5575148-5584523,GG,0.04425,0.07597999999999999,25.37,1.0,4.722e-07,rs7255573|rs8106125
16:6061656-6108430,CAGAAGAGACAGAACAGACAAGGAAAA,0.0123,0.03394,25.19,1.0,5.201e-07,rs4786800|rs1345887|rs4786804|rs12149886|rs9930478|rs974848|rs12447958|rs12924704|rs17139225|rs17139226|rs11642607|rs12446061|rs12933679|rs892957|rs2343567|rs892956|rs2084789|rs12928867|rs2343545|rs11644623|rs17139244|rs11861321|rs12928742|rs17139255|rs7198605|rs8062118|rs1906060
10:70334550-70431420,AAGGTAACAAGGGAGC,0.09414,0.1393,25.33,1.0,4.825e-07,rs7911579|rs1970517|rs10998309|rs2795876|rs2664422|rs12763519|rs12764361|rs10998340|rs12241767|rs3998860|rs7896856|rs7084999|rs7913568|rs12243354|rs12266293|rs10762236
3:22587743-22593944,AAAAA,0.8945,0.8479,25.31,1.0,4.873e-07,rs17011536|rs1562739|rs10510531|rs13096828|rs13066782
4:161170075-161267468,AGAGCACCAGAAGGGAAA,0.05297,0.08929,25.27,1.0,4.99e-07,rs295235|rs295240|rs295251|rs1895182|rs167179|rs953012|rs1495608|rs7694810|rs1874347|rs12500560|rs11939980|rs2112267|rs13136900|rs4346603|rs1532391|rs6846953|rs13142418|rs13115184
18:49014615-49075117,AAGAGCAAGAAAGAGGAAG,0.01502,0.03557,24.53,1.0,7.324e-07,rs11082877|rs1617856|rs1369766|rs11082880|rs9646553|rs1786870|rs4940085|rs17738237|rs9957078|rs4940089|rs1432396|rs1786892|rs1893386|rs11872608|rs9960772|rs4539703|rs8085487|rs4940094|rs9956956
9:78648437-78659547,GGAAACAAAGGAA,0.1081,0.1573,25.08,1.0,5.486999999999999e-07,rs1934127|rs11144723|rs10869682|rs10521467|rs7033416|rs1029039|rs1029037|rs1023181|rs6560488|rs6560489|rs6560490|rs2777020|rs11144728
3:179022115-179161744,GGGAGGGAAAGGACCGGG,0.08021,0.1223,23.47,1.0,1.267e-06,rs7636818|rs16848314|rs6794192|rs7610174|rs6786409|rs7644501|rs6805876|rs6443643|rs3976523|rs3853153|rs11720405|rs10937003|rs11714353|rs12634184|rs3961211|rs1362650|rs2024497|rs11715227
10:8548066-8592643,GGCAAAGAAGAAGGGGGGGAAGGACGCGAACA,0.0197,0.0435,24.64,1.0,6.912e-07,rs4749774|rs12358236|rs11255728|rs6602318|rs7079163|rs7898388|rs2765415|rs7078855|rs10905399|rs6602320|rs2646438|rs2646437|rs2765399|rs2765400|rs7093770|rs12416202|rs12146332|rs2646428|rs2646431|rs2646396|rs4749779|rs2765407|rs4747801|rs17481499|rs1830951|rs1409124|rs1925932|rs6602325|rs4749783|rs11596835|rs7894791|rs12265609
17:8818147-8878808,AAGACAGGGGAAAACGAAGG,0.2963,0.3652,23.48,1.0,1.259e-06,rs181538|rs9895992|rs12453818|rs4791769|rs880953|rs4791771|rs756765|rs10491087|rs11657742|rs714407|rs7224864|rs1005520|rs511973|rs516434|rs11078772|rs683515|rs11656831|rs557964|rs2157832|rs11659030
15:62132921-62381630,AGGAAAGGGGAGAAAAGAGGCAAGC,0.01147,0.02901,24.81,1.0,6.315e-07,rs17271144|rs1346037|rs1981916|rs2414755|rs4774427|rs7172967|rs8033816|rs7172145|rs12899801|rs8034914|rs8034335|rs17271305|rs1436958|rs12442675|rs8029942|rs12912208|rs1436966|rs8039651|rs11635977|rs1436964|rs4775458|rs731820|rs893156|rs12439356|rs10519157
19:2369415-2491934,AGAAGAGAAAAGGGGGCGAGAAAAACAA,0.026810000000000004,0.06215,24.04,1.0,9.419e-07,rs17763599|rs2385174|rs4807246|rs4807249|rs2894565|rs12610988|rs7252511|rs10407225|rs7248779|rs7254110|rs3848635|rs12610522|rs12462262|rs11881243|rs4806847|rs743578|rs4807263|rs11084940|rs1865111|rs2288943|rs4806849|rs4807269|rs4806851|rs929461|rs4806857|rs10420027|rs10410637|rs2392644
9:81190597-81229089,CGAAAAAGAAGA,0.1109,0.159,24.76,1.0,6.478e-07,rs9695134|rs1505641|rs1505637|rs6559398|rs885007|rs769290|rs6559399|rs234803|rs11137759|rs7856547|rs4877765|rs4877771
6:95891910-95988605,GAGGGG,0.3472,0.4175,24.76,1.0,6.479000000000001e-07,rs9399724|rs9386748|rs7749777|rs729278|rs11153257|rs4448101
3:177038879-177092297,GGTAGAAAAA,0.009541,0.02569,23.54,1.0,1.222e-06,rs6788853|rs9880042|rs7623773|rs7431825|rs6773879|rs9871240|rs9836057|rs6443448|rs9873211|rs7432880
6:95896731-96006010,GAGCGCCC,0.8322,0.7776,23.75,1.0,1.098e-06,rs6910024|rs12333074|rs1007603|rs6928585|rs12210999|rs9486836|rs9487909|rs9488059
2:43854142-43875289,AGAGAG,0.02464,0.04837,23.5,1.0,1.25e-06,rs6736105|rs6710610|rs12473033|rs9309103|rs6750909|rs7571775
3:179005976-179122008,GAGAGAAGGAAAG,0.06941,0.1083,23.88,1.0,1.028e-06,rs6443636|rs6807729|rs6762743|rs7628077|rs13096133|rs9290678|rs9834223|rs13084215|rs11718941|rs2032700|rs9822116|rs13083369|rs13087067
3:153704356-153746271,GAGGAAA,0.4973,0.5696,23.81,1.0,1.063e-06,rs6440920|rs883228|rs883098|rs7611756|rs7617417|rs7635575|rs1521335
11:65389631-65552118,GCAAACAGAG,0.508,0.4352,23.38,1.0,1.329e-06,rs1144789|rs1151490|rs12289836|rs1074155|rs6591188|rs9666878|rs537786|rs11227279|rs11227281|rs948494
3:35743058-35912089,AGAAGAGGAAAGAAGAAAAAGG,0.1246,0.175,24.15,1.0,8.917e-07,rs7349512|rs2012153|rs17755284|rs6550369|rs1378477|rs921822|rs7621646|rs6778899|rs4678808|rs1455491|rs7635314|rs9854002|rs9831454|rs9857288|rs9311111|rs9825404|rs9682328|rs9311117|rs7609701|rs6799609|rs1455495|rs4234248
5:133886166-134160995,GAGGAGAAAG,0.01483,0.03358,23.46,1.0,1.274e-06,rs11242224|rs12163993|rs12054866|rs883063|rs17167632|rs7728741|rs2305049|rs12657663|rs2108665|rs12658868
17:35288015-35419475,TGGGAAAGGAAGAAGCGAACAAG,0.02766,0.05329,24.42,1.0,7.75e-07,rs9893681|rs1001814|rs9892334|rs9893060|rs10908286|rs6607358|rs2411167|rs17572725|rs17651665|rs1045056|rs8073372|rs17651928|rs9912877|rs873951|rs2301685|rs7350914|rs972518|rs9330247|rs1634332|rs9897327|rs9903518|rs17139069|rs6607360
3:16535097-16548760,GGGAA,0.01853,0.03944,24.36,1.0,8e-07,rs10454232|rs3815962|rs17272530|rs2881512|rs9859948
7:22007303-22015591,GAGAA,0.2071,0.2677,24.19,1.0,8.715e-07,rs1859797|rs3956550|rs4722077|rs7784865|rs1174983
16:25245441-25403978,GGGGAGGGAGAGAGAAGAAGGAGGAGGC,0.05838,0.09493,24.2,1.0,8.672e-07,rs4787701|rs11074680|rs17717344|rs7201010|rs2345122|rs7184511|rs11645343|rs11642611|rs11649280|rs2112811|rs8050682|rs2059143|rs4438309|rs8056431|rs2042273|rs4787717|rs7185551|rs6497831|rs4624182|rs2881056|rs11863773|rs9930052|rs8054234|rs9646259|rs11647618|rs8046021|rs9928337|rs6497848
6:84227775-84399635,AGGGAGGGGAAGCC,0.008805,0.02382,24.17,1.0,8.811e-07,rs6903293|rs3812141|rs3798878|rs11756746|rs3757007|rs11754643|rs12193281|rs3798865|rs13210475|rs13192685|rs11752615|rs755101|rs1454130|rs13215382
1:86587726-86736892,AAGAAACCGA,0.09018,0.1328,23.41,1.0,1.306e-06,rs4631724|rs12080986|rs12070992|rs12076366|rs7536402|rs1507267|rs7531445|rs1336050|rs11587664|rs17129031
11:23312763-23444787,AGAGGGGGAAGAAAA,0.013580000000000002,0.03492,24.13,1.0,9.014e-07,rs12286641|rs10834034|rs10834035|rs2128493|rs7931071|rs7931150|rs7936681|rs4638300|rs4491221|rs6483921|rs7113386|rs4625464|rs4300392|rs1471365|rs1870901
1:245762071-245780760,AAAGGCGGGA,0.02178,0.04515,24.09,1.0,9.198e-07,rs1771528|rs1771527|rs1572893|rs947103|rs11799731|rs10924249|rs12041565|rs10924250|rs10754458|rs11582843
16:87053257-87060646,AAAGAGGG,0.02324,0.04655,24.06,1.0,9.344e-07,rs11862201|rs4570855|rs17290774|rs4843507|rs7202450|rs8054722|rs8062019|rs17291200
2:123818682-124144870,AGCCGCGAAAAGGGGAGAAAAAGAAGAAGGA,0.009584,0.02595,23.95,1.0,9.879e-07,rs17368508|rs13018548|rs10171294|rs7602084|rs10171011|rs1567977|rs1567979|rs7605383|rs977116|rs13399519|rs12711617|rs1913660|rs12623767|rs6744585|rs1519301|rs1543190|rs925937|rs12477571|rs1519274|rs2139300|rs7598550|rs1519283|rs12711636|rs12612635|rs12615507|rs12711637|rs1589207|rs6541893|rs970066|rs9636352|rs10178547
11:23169049-23444564,GAAGGAGACAGGAAACA,0.01033,0.02682,23.89,1.0,1.019e-06,rs10833952|rs4472938|rs4077895|rs10833954|rs10833955|rs2449446|rs1384487|rs1038325|rs1564628|rs1384479|rs12362091|rs922858|rs11027173|rs7944863|rs7929370|rs10834070|rs10500954
14:22034624-22053863,CAGAAATA,0.1136,0.1613,23.9,1.0,1.016e-06,rs2319870|rs8009501|rs17792778|rs10136774|rs17182599|rs8015187|rs6571924|rs6571925
16:49761670-49837475,GAAGAAAAGAAGGGGAAGGGGAGAGGAGGGAAGGAGGGG,0.08677,0.04366,23.37,1.0,1.338e-06,rs16947905|rs1505112|rs8045324|rs2292155|rs2292156|rs7189968|rs6500245|rs4785187|rs17282218|rs7404754|rs10468291|rs6500246|rs9938225|rs4785338|rs4785339|rs2110828|rs6500252|rs7405268|rs10521192|rs16947955|rs2080352|rs11865138|rs4785345|rs4785346|rs7403957|rs1477025|rs16947973|rs12928289|rs12934314|rs2271063|rs6500257|rs7197190|rs7199484|rs1861343|rs11076499|rs8060157|rs9930152|rs11649602|rs9937497
7:46994345-47070010,AGAAAGGCAAAAAGGA,0.01295,0.03092,23.35,1.0,1.3530000000000002e-06,rs6953890|rs10239638|rs6956956|rs929341|rs10250146|rs6945120|rs9648091|rs6954915|rs6955374|rs6959020|rs6463372|rs6942503|rs6969896|rs2346855|rs10951886|rs1008364
2:174182985-174259439,GAAACAAAGGAGAAGAAACAGGAGAAAGGGGAAG,0.01797,0.04319,23.82,1.0,1.057e-06,rs6714014|rs7595292|rs10153883|rs7562518|rs7589172|rs10204104|rs1560834|rs1550623|rs1550622|rs752529|rs4972554|rs11691325|rs767074|rs11078|rs2288995|rs6761787|rs10193202|rs1047885|rs11689383|rs1007833|rs10754981|rs11899634|rs7591287|rs4972558|rs7559958|rs11679682|rs16861601|rs16861605|rs6433403|rs10930590|rs10930591|rs6717268|rs10187514|rs11689493
5:86169433-86460269,AAGAGAGGCAGCGAA,0.02953,0.055520000000000014,23.77,1.0,1.088e-06,rs7721971|rs10514284|rs7727185|rs7702765|rs7717290|rs2410729|rs6885404|rs2544688|rs4360076|rs2544679|rs2544671|rs1004988|rs2032793|rs2624164|rs2624165
11:119906313-119948049,AGACGAGAG,0.1439,0.09426,23.53,1.0,1.228e-06,rs10502234|rs1939333|rs1942011|rs1960536|rs11512472|rs1010260|rs11217664|rs4936507|rs1007530
1:22653884-22735906,GGAAGAGGAGGAGAC,0.1205,0.1705,23.76,1.0,1.094e-06,rs12137132|rs12128356|rs10917216|rs12078899|rs10917219|rs12089677|rs10917220|rs10753536|rs4531265|rs6690260|rs6704135|rs10917223|rs2185341|rs4525015|rs4655059
17:37066824-37251066,GCGGACCAGGAGAAAACGAGAAGGGGAGAAAGAAAAC,0.03661,0.07113,23.66,1.0,1.147e-06,rs638366|rs685098|rs600158|rs598751|rs614358|rs9896257|rs677843|rs649997|rs8080135|rs9914748|rs9893946|rs8070153|rs1014263|rs4795328|rs11868358|rs9914342|rs7218784|rs12600916|rs7223157|rs11868463|rs9646422|rs9904250|rs4795343|rs4795344|rs12453592|rs12453595|rs7221482|rs13755|rs12451694|rs12453656|rs2091763|rs3744077|rs1882473|rs12601378|rs4077060|rs11079075|rs9893861
11:44293434-44343856,AAAGGGGAGAGAAACGGACAGAACC,0.01994,0.04662,23.63,1.0,1.167e-06,rs10838248|rs10838249|rs7927029|rs11037927|rs11037928|rs2013594|rs2002991|rs879238|rs12575691|rs9971516|rs7939723|rs4755240|rs10838251|rs1828656|rs3853292|rs10838253|rs4755809|rs2054029|rs3824915|rs4568996|rs1377776|rs12796759|rs1454075|rs11037953|rs1869479
6:70746249-70798109,AACAAAAAGGGCGA,0.02059,0.04245,23.63,1.0,1.1690000000000002e-06,rs10945192|rs6937838|rs6921039|rs7747377|rs12206806|rs3805994|rs3806000|rs11753925|rs7349861|rs2224514|rs12206771|rs17711463|rs12194223|rs12530055
18:37478658-37609880,GAAGAGAA,0.008744,0.02344,23.62,1.0,1.174e-06,rs11082159|rs7238486|rs307132|rs307145|rs307143|rs177704|rs307086|rs2032186
5:71053835-71100258,AGAAAAACC,0.027160000000000004,0.05183,23.62,1.0,1.176e-06,rs13178975|rs13186462|rs12517242|rs13158073|rs7706490|rs10942750|rs6862707|rs1516800|rs10474465
5:27706007-27804605,AGGACAAGGAGGAGCAAGAG,0.0129,0.03102,23.46,1.0,1.279e-06,rs11748760|rs4242128|rs10940687|rs12651876|rs4510599|rs4379207|rs4867154|rs4382181|rs7702896|rs10454836|rs13190613|rs13179450|rs4254924|rs12188389|rs13170401|rs13166968|rs4516860|rs4620034|rs6868258|rs6889876
11:8233876-8264183,AGGAGAACAGAAA,0.01156,0.030310000000000007,23.59,1.0,1.195e-06,rs7951027|rs4758051|rs7122225|rs7109806|rs6578942|rs11041816|rs1042359|rs4758317|rs110419|rs204926|rs12295662|rs413708|rs406281
3:4726947-4789935,CAGGGGGAAGC,0.02648,0.05141,23.56,1.0,1.21e-06,rs733018|rs6793265|rs7652028|rs17711545|rs17041262|rs2054871|rs6792995|rs11920001|rs11921036|rs931389|rs6786487
11:88027209-88151901,GCGAAAA,0.009642,0.02489,23.53,1.0,1.233e-06,rs3888798|rs17594|rs12573983|rs16913876|rs2452153|rs11019834|rs11019835
7:103909059-104004677,AACAGAA,0.017509999999999998,0.03768,23.52,1.0,1.235e-06,rs12056177|rs10487197|rs17136540|rs1858915|rs9792096|rs17331134|rs10487202
11:41232860-41261033,CG,0.04844,0.08022,23.52,1.0,1.237e-06,rs1021270|rs12290967
13:86390794-86587441,GGACAACAAAAGAGGGC,0.5448,0.4724,23.47,1.0,1.271e-06,rs9575969|rs8181842|rs993922|rs9285339|rs9547403|rs9531863|rs4294705|rs366815|rs9547418|rs7327469|rs9547442|rs9575986|rs9547445|rs9547447|rs2183344|rs7336091|rs4396434
7:103872165-103949760,AGAAGGACG,0.1042,0.1498,23.45,1.0,1.283e-06,rs193890|rs193894|rs990815|rs2040543|rs41508|rs41519|rs7787013|rs9641326|rs10268758
11:37146593-37217499,GGAGCCCAGAACACAACA,0.01334,0.03155,23.45,1.0,1.284e-06,rs7127861|rs1398281|rs2614172|rs2614171|rs2614170|rs17652754|rs2662201|rs12575269|rs11033967|rs2662209|rs2199368|rs11033987|rs11033989|rs10501175|rs10836699|rs716365|rs2662199|rs7130755
15:90548305-90567356,AAGGGA,0.01697,0.03664,23.41,1.0,1.311e-06,rs1256841|rs11629802|rs1106990|rs4932271|rs11852297|rs2135657
16:88721538-88751528,GGAGGGCGGGAC,0.03123,0.05891,23.39,1.0,1.325e-06,rs4782309|rs6500486|rs4782394|rs4782395|rs6500487|rs4420519|rs11076696|rs11076697|rs1056707|rs11862024|rs9931509|rs8048658
17:74979685-74991774,AGAAAAG,0.0267,0.05159,23.31,1.0,1.377e-06,rs9912563|rs10512611|rs11658601|rs11655206|rs3848393|rs4789396|rs4789397
