chr,pos,rs,cl
10,135853,rs7906287,None
10,230625,rs12779173,113
10,297633,rs3125037,112
10,313304,rs4880567,112
10,338553,rs3125031,112
10,453567,rs4881254,113
10,556129,rs10466270,113
10,762872,rs816314,None
10,776544,rs943204,None
10,815149,rs7084027,None
10,834736,rs4881530,None
10,903950,rs11253471,None
10,1056252,rs17293608,None
10,1119203,rs10508203,135
10,1126293,rs7087381,135
10,1166400,rs1871626,135
10,1240519,rs7081523,None
10,1250184,rs883248,158
10,1256632,rs3817043,157
10,1259485,rs2387308,None
10,1306745,rs4880807,157
10,1307456,rs11250372,158
10,1325411,rs2804102,None
10,1371610,rs884949,136
10,1396155,rs2892333,None
10,1430761,rs2387667,136
10,1443016,rs2820590,136
10,1447951,rs2001197,137
10,1452786,rs17293817,137
10,1459379,rs2387673,137
10,1464892,rs2805543,137
10,1511786,rs1533486,None
10,1518682,rs7906088,None
10,1530884,rs4880511,None
10,1549881,rs2676719,None
10,1553772,rs2676774,144
10,1612952,rs2676760,None
10,1623734,rs10903496,144
10,1630612,rs4880882,144
10,1646898,rs1112787,None
10,1664242,rs1909437,None
10,1679189,rs7917694,145
10,1684797,rs4880897,145
10,1692663,rs10903534,145
10,1727178,rs4880531,None
10,1744971,rs11250748,145
10,1747923,rs1909433,None
10,1816298,rs12570664,126
10,1820854,rs11250783,None
10,1830848,rs4076746,126
10,1872726,rs6560772,None
10,1925816,rs10903587,146
10,1926738,rs7088760,None
10,1942800,rs7067990,147
10,1984760,rs7912903,147
10,2000068,rs4362074,147
10,2003368,rs2892403,147
10,2008013,rs12218258,None
10,2015854,rs3763685,146
10,2120407,rs11251048,185
10,2128951,rs10794850,185
10,2134606,rs7096214,None
10,2143308,rs11251057,None
10,2154862,rs12776254,185
10,2158398,rs7080520,186
10,2172881,rs1999531,185
10,2173156,rs10903680,186
10,2187043,rs7085369,None
10,2188538,rs7068690,None
10,2212037,rs1984070,None
10,2256731,rs1000416,151
10,2265880,rs17157889,None
10,2286495,rs7916063,151
10,2394444,rs12257283,None
10,2445563,rs7069544,149
10,2463585,rs4880562,149
10,2468408,rs10903763,None
10,2472145,rs11251237,149
10,2553240,rs1155447,150
10,2584073,rs2388257,150
10,2589776,rs10508237,150
10,2590305,rs2388260,150
10,2623568,rs2388252,150
10,2627161,rs2388288,None
10,2653147,rs10794929,130
10,2692656,rs7079384,130
10,2701181,rs1413759,130
10,2706717,rs7072084,130
10,2714749,rs884289,None
10,2743333,rs7906405,None
10,2755927,rs945142,None
10,2761819,rs1413764,None
10,2804109,rs2152001,None
10,2835603,rs1889504,138
10,2864447,rs7080882,138
10,2882816,rs7899347,138
10,2898875,rs10751894,138
10,2901165,rs6601988,138
10,2960317,rs10751898,139
10,2981486,rs7087799,139
10,2983047,rs7923826,139
10,2988202,rs10794975,139
10,2990261,rs10903900,139
10,3077299,rs10903938,None
10,3083649,rs7089499,131
10,3095281,rs3829910,131
10,3097212,rs10732921,138
10,3124319,rs11251702,None
10,3129472,rs4881075,52
10,3138009,rs2388595,52
10,3148116,rs2388569,52
10,3153888,rs10508245,52
10,3189380,rs3740607,None
10,3202065,rs4242746,52
10,3245862,rs10751916,None
10,3284061,rs2814925,None
10,3286815,rs2764986,None
10,3342774,rs4881147,None
10,3355303,rs1337382,23
10,3363137,rs737533,22
10,3387978,rs7903644,22
10,3395216,rs2182195,23
10,3416737,rs7090790,23
10,3418124,rs1570854,23
10,3445668,rs7079024,None
10,3475318,rs10904040,23
10,3490932,rs7894316,19
10,3506070,rs1036747,None
10,3520151,rs483881,None
10,3559601,rs11594791,None
10,3580801,rs11251934,19
10,3592082,rs10795059,19
10,3596526,rs7086377,19
10,3658434,rs705468,19
10,3667726,rs705471,19
10,3733386,rs2129446,None
10,3746775,rs2129445,None
10,3804257,rs10508264,171
10,3815292,rs2171302,171
10,3820787,rs1043003,171
10,3839024,rs10508265,170
10,3840014,rs10508266,170
10,3848431,rs10508268,170
10,3853031,rs4881220,170
10,3856293,rs12245875,170
10,3872876,rs10904103,None
10,3877968,rs11597773,None
10,3896229,rs7902434,None
10,3913700,rs6601770,15
10,3925728,rs3932533,15
10,3935964,rs943026,None
10,3962232,rs4881235,15
10,4000708,rs4881260,None
10,4062327,rs7919822,14
10,4070444,rs2291788,16
10,4115602,rs10508274,16
10,4128024,rs2069178,14
10,4164366,rs1885477,None
10,4168660,rs11252364,None
10,4178976,rs12247651,None
10,4259123,rs10508277,None
10,4265108,rs1998328,None
10,4288645,rs10795146,None
10,4374838,rs10904234,289
10,4390097,rs11252477,289
10,4398913,rs1926810,None
10,4406237,rs11252485,289
10,4458818,rs10795164,160
10,4482350,rs1751274,None
10,4505667,rs2127598,None
10,4511571,rs2077668,160
10,4582015,rs7079674,160
10,4641211,rs1443852,None
10,4689842,rs313452,None
10,4694013,rs313455,197
10,4700968,rs10508287,197
10,4719796,rs1391511,None
10,4734128,rs433430,None
10,4746345,rs10904321,196
10,4758118,rs17133449,197
10,4786841,rs7899916,None
10,4791718,rs4881340,196
10,4813211,rs1901632,189
10,4817965,rs9423544,189
10,4822210,rs7082636,189
10,4832920,rs11595123,189
10,4842737,rs4146754,189
10,4855238,rs2961609,189
10,4863351,rs2961620,189
10,4901798,rs4359096,189
10,4909968,rs10795206,189
10,4944816,rs7090237,189
10,4982478,rs7094041,189
10,5026096,rs7909151,183
10,5083884,rs2801904,None
10,5105141,rs2211623,None
10,5121745,rs12570303,183
10,5123136,rs6601900,183
10,5130610,rs1937905,183
10,5161955,rs1937920,183
10,5201444,rs1781938,183
10,5294191,rs2398152,183
10,5333008,rs7076488,183
10,5339074,rs1344354,183
10,5349871,rs7475343,183
10,5383888,rs12098412,None
10,5386067,rs10904468,156
10,5422196,rs11253141,156
10,5537569,rs4471334,None
10,5565053,rs4072069,None
10,5580628,rs12572508,None
10,5607759,rs4348801,None
10,5612864,rs12769978,None
10,5621628,rs11253241,222
10,5637650,rs2380195,222
10,5643511,rs7350438,222
10,5645758,rs4750500,222
10,5647942,rs4748295,222
10,5662915,rs6602289,None
10,5678058,rs2386650,222
10,5705900,rs4750217,221
10,5709909,rs2386637,221
10,5750078,rs11254266,221
10,5773876,rs2890365,221
10,5794475,rs2669138,None
10,5799613,rs2275774,221
10,5853767,rs1567706,221
10,5930512,rs2320,208
10,5961098,rs593026,208
10,5967006,rs2669127,None
10,5992119,rs1998521,177
10,5995052,rs2229135,None
10,5995492,rs8177741,None
10,6002368,rs2228059,177
10,6010227,rs7097780,None
10,6018594,rs8177636,None
10,6036144,rs4749882,182
10,6085312,rs4749926,182
10,6106266,rs7072793,181
10,6118966,rs4749955,181
10,6165030,rs1541020,182
10,6171924,rs4310524,182
10,6177682,rs4747887,182
10,6182423,rs3750671,182
10,6208465,rs652318,None
10,6215091,rs658386,None
10,6228413,rs647439,None
10,6255931,rs756567,None
10,6261704,rs1557111,None
10,6295548,rs10508301,None
10,6335786,rs12771692,None
10,6342636,rs4747994,256
10,6342654,rs4750246,256
10,6360293,rs2387396,257
10,6364754,rs12779447,257
10,6377100,rs1557110,None
10,6391061,rs2181622,244
10,6402741,rs10796045,244
10,6409502,rs7915166,None
10,6424490,rs7904311,244
10,6430767,rs10906402,None
10,6438081,rs681604,None
10,6445160,rs7095942,None
10,6457597,rs589142,296
10,6465273,rs4750434,295
10,6469817,rs2236380,296
10,6489652,rs688391,295
10,6497307,rs10508307,None
10,6508377,rs3793727,None
10,6511386,rs591441,None
10,6522908,rs494800,None
10,6534592,rs648778,251
10,6556554,rs571715,251
10,6565099,rs521153,251
10,6575953,rs7914917,251
10,6608313,rs7072496,251
10,6615454,rs943452,251
10,6677767,rs10795331,None
10,6698096,rs1475420,None
10,6727538,rs2387595,None
10,6731376,rs7896871,None
10,6736921,rs17394484,None
10,6738930,rs4748306,266
10,6743597,rs1327689,266
10,6750281,rs7912136,267
10,6756983,rs7099454,267
10,6762403,rs11597924,267
10,6793861,rs4748360,None
10,6805486,rs11254492,267
10,6813216,rs2501685,267
10,6819487,rs2501686,267
10,6825715,rs2439911,None
10,6859144,rs10905018,None
10,6904180,rs7098268,None
10,6925222,rs7081563,205
10,6940303,rs2791407,None
10,6952227,rs9423753,206
10,6954595,rs4748519,206
10,6959112,rs2804121,206
10,6983811,rs2490696,205
10,7014917,rs12415542,None
10,7028333,rs2804143,205
10,7035823,rs1544156,205
10,7041980,rs11254937,205
10,7075633,rs11254963,184
10,7083369,rs12761228,184
10,7096005,rs11254971,184
10,7124442,rs6602225,184
10,7167173,rs2692781,None
10,7193364,rs2247498,None
10,7199054,rs2497439,46
10,7225045,rs2762613,46
10,7244207,rs2147289,46
10,7273501,rs2025465,46
10,7281467,rs4997203,46
10,7388065,rs1409879,None
10,7411558,rs10905155,46
10,7475561,rs2253805,47
10,7476644,rs2253927,47
10,7480692,rs7077972,47
10,7491619,rs2247230,47
10,7514583,rs2255576,47
10,7529631,rs7923543,47
10,7601084,rs3814696,2
10,7602831,rs10508330,2
10,7605067,rs3824658,2
10,7655665,rs10508331,None
10,7685743,rs17432951,285
10,7704917,rs927915,285
10,7731885,rs719748,None
10,7744986,rs1980857,None
10,7760367,rs1887332,None
10,7783546,rs10508333,284
10,7805481,rs2026612,284
10,7808086,rs3736968,284
10,7825530,rs4363498,284
10,7944469,rs7069192,None
10,8074437,rs430753,None
10,8102272,rs3802604,None
10,8138275,rs1244159,None
10,8213413,rs548966,254
10,8229430,rs2996520,254
10,8231720,rs1416560,253
10,8258675,rs1416566,253
10,8273663,rs4747760,253
10,8300790,rs7092384,253
10,8302481,rs2298253,253
10,8349075,rs11595705,None
10,8390490,rs4747790,None
10,8458317,rs1361153,216
10,8464847,rs2454062,216
10,8492791,rs4747793,216
10,8498892,rs7079888,216
10,8508246,rs6602311,216
10,8511627,rs11255712,216
10,8523708,rs7904468,216
10,8530042,rs12569700,216
10,8552196,rs11255728,216
10,8565675,rs2646438,216
10,8611014,rs2031557,217
10,8616127,rs10795659,None
10,8628416,rs7921734,217
10,8638235,rs4747806,217
10,8660095,rs6602329,217
10,8668698,rs4584486,217
10,8696446,rs706771,217
10,8734295,rs1537603,217
10,8775730,rs10752146,212
10,8780484,rs7071899,212
10,8796596,rs979534,212
10,8819367,rs982015,212
10,8952873,rs11255973,None
10,9010624,rs827637,246
10,9028677,rs1243438,246
10,9041158,rs1912584,None
10,9062856,rs2197415,246
10,9126643,rs961945,246
10,9164684,rs7898051,246
10,9223424,rs1242987,None
10,9344681,rs1149978,260
10,9372367,rs1150039,260
10,9419691,rs2152221,None
10,9471974,rs972701,261
10,9533300,rs4749872,261
10,9590060,rs1555732,261
10,9617015,rs10508393,None
10,9644800,rs4749884,262
10,9677810,rs10905597,262
10,9749448,rs7071857,262
10,9776166,rs10752172,262
10,9823594,rs11256338,262
10,9863986,rs10905625,262
10,9931024,rs1538608,262
10,9938980,rs4142060,262
10,9944159,rs4749908,262
10,9951762,rs1339678,262
10,9971350,rs1339693,None
10,10034807,rs6602387,263
10,10068250,rs2398112,263
10,10083583,rs2762638,None
10,10100700,rs2025470,108
10,10117897,rs715814,108
10,10194028,rs927507,None
10,10228684,rs7083994,None
10,10260293,rs2225655,None
10,10401848,rs1572119,None
10,10403468,rs7896031,None
10,10405808,rs11256576,231
10,10408075,rs10508403,None
10,10409365,rs3001719,231
10,10463201,rs7894041,243
10,10467761,rs2251525,None
10,10473907,rs7895416,None
10,10503251,rs7895315,None
10,10506858,rs2249834,243
10,10510613,rs10905727,242
10,10521475,rs1924507,242
10,10540164,rs4747860,None
10,10558886,rs2252120,204
10,10572751,rs1324322,203
10,10597399,rs7073772,204
10,10607497,rs7096494,203
10,10615416,rs7084466,203
10,10656351,rs7086685,214
10,10676274,rs17148556,None
10,10743956,rs1998432,214
10,10780895,rs12356893,214
10,10785439,rs10752202,214
10,10791427,rs10905807,215
10,10791450,rs7922173,215
10,10800193,rs2038662,215
10,10853348,rs9424099,214
10,10855297,rs867221,214
10,10874408,rs4749995,214
10,10918103,rs7904753,214
10,10945351,rs912069,214
10,10953351,rs7067649,None
10,10992865,rs201070,None
10,11041967,rs201109,None
10,11078390,rs1999207,223
10,11081947,rs932918,None
10,11088921,rs1291877,223
10,11093705,rs1291886,223
10,11105845,rs1291845,223
10,11141426,rs7083068,223
10,11154164,rs1750731,223
10,11161978,rs1750734,223
10,11173591,rs1747718,224
10,11193951,rs630840,224
10,11215311,rs660676,224
10,11221366,rs658469,224
10,11225337,rs625315,224
10,11237509,rs4747895,224
10,11287062,rs4750033,None
10,11288418,rs2765974,None
10,11296839,rs11817658,None
10,11298352,rs2653514,None
10,11314769,rs2765986,192
10,11327285,rs11257046,192
10,11345345,rs1875594,None
10,11356160,rs2246449,192
10,11394809,rs3847424,191
10,11395889,rs4114417,191
10,11402047,rs3847427,191
10,11452260,rs3847437,None
10,11473258,rs2499902,321
10,11543661,rs7085769,321
10,11574424,rs12250042,321
10,11623686,rs11257179,321
10,11629403,rs754426,321
10,11663611,rs11257199,321
10,11682355,rs10508427,321
10,11682396,rs7101132,321
10,11723616,rs10508428,321
10,11730196,rs17150715,None
10,11767916,rs10795879,345
10,11780837,rs2055040,345
10,11789637,rs4750093,345
10,11825696,rs10508432,345
10,11828686,rs4750112,345
10,11831111,rs17150863,345
10,11837356,rs11597793,345
10,11843051,rs942530,345
10,11848792,rs12358475,345
10,11856145,rs10906021,345
10,11874190,rs7893993,28
10,11892430,rs10906027,28
10,11909896,rs12261792,28
10,11977300,rs11257434,None
10,11978499,rs7921794,344
10,12006358,rs7080355,344
10,12131081,rs3740015,344
10,12154833,rs1701470,344
10,12165247,rs12570214,344
10,12215180,rs2399786,344
10,12222316,rs3780864,344
10,12295339,rs11257622,None
10,12376977,rs7896794,None
10,12389180,rs2997063,None
10,12402466,rs7909593,None
10,12497770,rs2768367,None
10,12515823,rs1543595,406
10,12533288,rs1998966,406
10,12544852,rs11257835,None
10,12549612,rs2068993,406
10,12576812,rs1111060,406
10,12582784,rs2815638,406
10,12588117,rs4750232,None
10,12594436,rs2768340,None
10,12603912,rs2648710,412
10,12608676,rs1409961,412
10,12626977,rs2895527,412
10,12673160,rs4750244,413
10,12762476,rs723210,413
10,12797285,rs10906218,None
10,12802455,rs10508447,None
10,12835383,rs2493767,None
10,12847838,rs4750267,366
10,12850236,rs1999369,366
10,12889696,rs2482069,366
10,12897013,rs2050292,366
10,12906431,rs10906242,366
10,12923638,rs1929394,366
10,12948835,rs7919134,366
10,12950051,rs7908635,366
10,13005288,rs10508452,None
10,13064223,rs565850,None
10,13100857,rs17152780,324
10,13100999,rs609445,324
10,13115887,rs4750306,324
10,13135831,rs1953314,324
10,13155726,rs1561570,324
10,13158262,rs2244380,324
10,13193189,rs10906313,324
10,13239651,rs2274110,None
10,13242379,rs11258248,None
10,13242785,rs10906320,None
10,13280550,rs2399957,360
10,13310071,rs10796051,360
10,13321858,rs3802577,360
10,13330291,rs7900830,360
10,13342654,rs4615920,360
10,13363717,rs2254154,None
10,13415971,rs1556992,360
10,13434975,rs1414397,361
10,13494906,rs11258392,361
10,13534851,rs2251555,None
10,13588521,rs4750379,361
10,13605368,rs4279918,361
10,13727937,rs943099,361
10,13733923,rs2182404,None
10,13749228,rs11258541,None
10,13752381,rs2296599,None
10,13792522,rs12257410,None
10,13831712,rs1881584,399
10,13859410,rs10906498,399
10,13862259,rs17154065,400
10,13869240,rs11258656,399
10,13875739,rs7900034,400
10,13883460,rs7894550,399
10,13949609,rs3235,None
10,13968125,rs17632029,None
10,13983007,rs10906548,None
10,14019456,rs1963965,None
10,14051456,rs2457837,331
10,14060679,rs2457857,331
10,14125336,rs898715,331
10,14125653,rs898716,331
10,14307895,rs4636552,315
10,14309999,rs1218342,315
10,14336842,rs1218458,315
10,14354960,rs11259005,315
10,14385164,rs11259022,315
10,14393233,rs603261,315
10,14395411,rs584933,315
10,14396207,rs10906653,315
10,14398225,rs7083480,315
10,14411279,rs621649,315
10,14421577,rs679295,365
10,14430522,rs12259015,365
10,14433271,rs672589,365
10,14439216,rs1925935,365
10,14452480,rs2480536,365
10,14464047,rs1325896,365
10,14467350,rs1547219,365
10,14500618,rs7914718,387
10,14501236,rs4750522,387
10,14519623,rs942933,None
10,14532894,rs1998862,387
10,14618846,rs7904177,387
10,14621153,rs1409392,None
10,14666221,rs10906717,388
10,14680803,rs1410070,388
10,14692912,rs9630136,388
10,14704727,rs755277,None
10,14707693,rs10906736,388
10,14720930,rs7910586,388
10,14723524,rs7096784,388
10,14769911,rs883814,None
10,14841026,rs4750561,334
10,14843833,rs2688848,334
10,14844884,rs2688847,334
10,14847149,rs7091494,334
10,14874692,rs6602768,None
10,14894901,rs7894284,None
10,15009109,rs7087438,None
10,15060883,rs7916087,342
10,15079699,rs17156239,342
10,15096448,rs1935391,343
10,15166905,rs1326207,343
10,15176157,rs12250830,343
10,15199753,rs7096608,343
10,15231633,rs11259536,364
10,15241923,rs4237446,364
10,15246346,rs4237447,None
10,15302773,rs12355156,None
10,15310265,rs17156496,427
10,15327573,rs12262545,427
10,15345879,rs1914547,427
10,15352058,rs6602835,427
10,15370036,rs2352776,427
10,15383768,rs2138930,None
10,15386588,rs4750626,427
10,15479116,rs7079961,427
10,15484342,rs11259663,427
10,15507240,rs11599813,426
10,15533059,rs7072635,426
10,15533570,rs4750657,426
10,15563450,rs4750665,None
10,15702362,rs9333118,354
10,15712828,rs2039910,None
10,15729923,rs1954181,354
10,15769442,rs1934937,354
10,15798477,rs7070312,None
10,15950149,rs1339474,None
10,15988902,rs1538564,None
10,16198980,rs2226024,41
10,16233175,rs4748263,41
10,16279015,rs1538761,41
10,16317571,rs10508506,41
10,16358026,rs6602094,41
10,16400072,rs4748282,41
10,16432797,rs10795384,None
10,16519763,rs7915486,None
10,16523375,rs902073,1
10,16548382,rs10904757,1
10,16567300,rs11254053,1
10,16721496,rs3864821,372
10,16728869,rs7913448,372
10,16736476,rs4748311,372
10,16832495,rs11254190,381
10,16838866,rs7068881,381
10,16886806,rs780827,381
10,16948801,rs780806,381
10,16965227,rs1810205,381
10,17032281,rs2291521,380
10,17040849,rs7900486,380
10,17064992,rs7897550,380
10,17133683,rs1996316,371
10,17135164,rs2356825,371
10,17162503,rs2277210,None
10,17192362,rs6602180,371
10,17282448,rs1980662,371
10,17320144,rs359281,371
10,17343706,rs12262718,None
10,17380804,rs359311,394
10,17406855,rs729169,394
10,17474594,rs7897269,394
10,17477507,rs4748376,394
10,17537366,rs1753371,None
10,17538889,rs4748378,394
10,17576227,rs9787557,None
10,17639966,rs7094705,None
10,17648972,rs2357287,393
10,17690682,rs1937348,393
10,17740147,rs10795505,393
10,17750968,rs17464580,None
10,18229566,rs532813,418
10,18236577,rs507963,418
10,18276761,rs2437271,418
10,18298132,rs6482124,418
10,18332112,rs1935502,None
10,18361329,rs2488155,440
10,18375174,rs1935499,None
10,18451380,rs11012843,441
10,18471961,rs1624525,440
10,18475947,rs1779237,441
10,18479198,rs11593318,440
10,18499794,rs1277769,441
10,18520535,rs1277748,441
10,18532229,rs11812617,None
10,18565470,rs9633647,None
10,18614995,rs11013624,488
10,18620950,rs9645525,488
10,18623463,rs7093791,None
10,18633777,rs7919793,None
10,18644913,rs2799571,None
10,18671971,rs4747344,488
10,18695892,rs7909027,489
10,18700219,rs12267833,489
10,18712352,rs4747345,None
10,18744948,rs10828726,None
10,18759629,rs7076247,None
10,18790503,rs12257556,431
10,18798319,rs4748477,431
10,18905935,rs7895709,431
10,18977879,rs7067650,None
10,18987158,rs7092524,431
10,19034951,rs10763625,None
10,19275658,rs1416458,None
10,19307536,rs12356231,None
10,19328435,rs2789310,None
10,19463367,rs6481773,338
10,19471726,rs16918323,338
10,19511109,rs4278424,338
10,19517528,rs10827096,338
10,19540391,rs10827154,338
10,19543985,rs11009149,None
10,19699004,rs7910052,None
10,19722515,rs2993646,None
10,19751780,rs2358398,None
10,19807875,rs10494868,480
10,19809674,rs10494867,480
10,19823467,rs10764052,479
10,19826238,rs7076844,480
10,19886330,rs1409737,479
10,20128601,rs333688,479
10,20147680,rs10764170,None
10,20163834,rs752318,None
10,20175790,rs7097965,None
10,20216174,rs12765810,None
10,20229749,rs6482071,439
10,20267705,rs716829,None
10,20282977,rs12779340,439
10,20349877,rs10827940,None
10,20378446,rs10764200,439
10,20397548,rs2255452,439
10,20481262,rs10827993,439
10,20575991,rs1106674,None
10,20648238,rs944697,379
10,20674653,rs12772794,None
10,20863245,rs12355783,378
10,20876614,rs10508628,378
10,20911600,rs1925530,379
10,20978879,rs11012272,378
10,21013845,rs4748702,378
10,21218979,rs4748737,378
10,21224119,rs952738,378
10,21251264,rs2153446,None
10,21291331,rs640056,None
10,21294051,rs10828173,None
10,21354398,rs1440295,417
10,21409757,rs10764307,417
10,21423495,rs664959,417
10,21461860,rs10828201,417
10,21470801,rs7099403,417
10,21542327,rs12269257,None
10,21544231,rs7090954,None
10,21586367,rs7910000,417
10,21595291,rs7922927,None
10,22095737,rs1970467,None
10,22148230,rs2666771,None
10,22658281,rs1170549,None
10,22837014,rs4532931,512
10,22864209,rs11013053,512
10,22885232,rs10764344,512
10,23038083,rs7092729,None
10,23102588,rs7074731,511
10,23110797,rs7091463,None
10,23140731,rs10828351,None
10,23151064,rs2222870,511
10,23217699,rs7067598,511
10,23273110,rs1060761,511
10,23310769,rs12257453,None
10,23547519,rs4237360,469
10,23552058,rs7070758,469
10,23623523,rs10828431,469
10,23649989,rs7906070,469
10,23708636,rs7909628,469
10,24160236,rs7919049,477
10,24219417,rs12248960,None
10,24247356,rs11013811,477
10,24281017,rs10508667,478
10,24295328,rs1832312,478
10,24302480,rs10764445,None
10,24308545,rs10741036,478
10,24318765,rs6482357,478
10,24326623,rs2067701,478
10,24395147,rs1326644,None
10,24484239,rs7083993,None
10,24523789,rs12413189,None
10,24539039,rs3814686,392
10,24565347,rs4748935,392
10,24600918,rs7095243,None
10,24612478,rs12354978,None
10,24621080,rs17384657,None
10,24636556,rs1414684,None
10,24674934,rs7896427,None
10,24713465,rs16924741,None
10,24776859,rs10508677,None
10,24793880,rs10508679,None
10,24828744,rs7904181,180
10,24837715,rs2249911,None
10,24847361,rs10828672,180
10,25066353,rs4747500,180
10,25099184,rs4237366,180
10,25120376,rs10741067,None
10,25158221,rs1971470,180
10,25177744,rs7916535,179
10,25206554,rs7908585,None
10,25219838,rs1409307,None
10,25321244,rs10764519,None
10,25336332,rs4749000,179
10,25438640,rs7912264,168
10,25459750,rs11014431,None
10,25559939,rs2491198,None
10,25630924,rs543850,169
10,25637528,rs2807255,169
10,25740053,rs1329249,169
10,25791843,rs1329252,169
10,25823753,rs7100942,169
10,25856676,rs7911256,168
10,25883475,rs11818706,169
10,25905876,rs868691,169
10,25932400,rs1004845,169
10,25936459,rs10508704,None
10,26026785,rs2263000,None
10,26028813,rs4256890,None
10,26096852,rs7071770,None
10,26162766,rs4749080,None
10,26500166,rs994502,53
10,26612058,rs1148158,53
10,26654660,rs3006801,53
10,26704514,rs945296,53
10,26713667,rs3006824,53
10,26746468,rs3006835,53
10,26774694,rs786870,62
10,26796810,rs787033,None
10,26812175,rs11015149,62
10,26823941,rs787050,62
10,26826118,rs7903201,62
10,26833501,rs787043,62
10,26946998,rs1748329,62
10,26974263,rs1748343,62
10,27150093,rs1409128,63
10,27157722,rs7082748,62
10,27395102,rs1753415,63
10,27497191,rs7918793,62
10,27694888,rs2429498,82
10,27723033,rs7342136,None
10,27738002,rs2484204,82
10,27847941,rs1874085,None
10,27875006,rs1494209,83
10,27898930,rs749333,83
10,27904052,rs1690690,None
10,27928326,rs1168587,83
10,27959429,rs2815545,83
10,27969032,rs2637277,None
10,28097311,rs2991934,73
10,28150935,rs11006747,73
10,28228037,rs11006778,None
10,28356087,rs11006830,75
10,28373644,rs4749301,75
10,28379604,rs1317790,75
10,28388150,rs10763642,75
10,28435915,rs12241932,76
10,28442841,rs9299597,76
10,28453046,rs2763316,None
10,28462227,rs10508734,76
10,28552168,rs11006970,None
10,28579969,rs3936497,None
10,28611563,rs12254001,None
10,28615573,rs1148178,None
10,28688678,rs734210,None
10,28752106,rs2153299,60
10,28761159,rs2790441,60
10,28770018,rs2790453,60
10,28783350,rs2807741,60
10,29001607,rs7914314,None
10,29005257,rs10826501,94
10,29015323,rs1762004,94
10,29026933,rs951753,94
10,29034873,rs787116,94
10,29084646,rs1761972,94
10,29111978,rs12221005,None
10,29183362,rs1691935,93
10,29203987,rs703031,93
10,29217961,rs11599254,93
10,29220291,rs12767457,None
10,29237182,rs970257,93
10,29242724,rs1624345,93
10,29290203,rs6481557,93
10,29314226,rs11007391,None
10,29334226,rs7074390,87
10,29349286,rs1773842,87
10,29364393,rs573192,87
10,29378718,rs1338541,87
10,29381502,rs1144522,87
10,29405387,rs573036,None
10,29423049,rs2783596,87
10,29424176,rs10508742,87
10,29475869,rs2532747,None
10,29508589,rs555438,86
10,29515598,rs496776,86
10,29536990,rs6481572,86
10,29542629,rs7909464,86
10,29546473,rs1860403,86
10,29589009,rs1327566,97
10,29602336,rs11007522,97
10,29617150,rs10491049,98
10,29621419,rs932838,97
10,29635856,rs1751960,97
10,29666463,rs913290,98
10,29783692,rs754865,97
10,29789648,rs2025853,97
10,29881488,rs4083633,None
10,29892296,rs2505903,None
10,29970592,rs1148204,None
10,29973953,rs3858235,None
10,30015800,rs7477689,99
10,30041106,rs1247098,99
10,30076326,rs11007742,99
10,30084049,rs10826700,99
10,30090748,rs4397737,99
10,30096628,rs2986971,99
10,30108560,rs6481636,100
10,30138411,rs6481643,100
10,30159009,rs4534476,100
10,30194164,rs2989430,92
10,30212034,rs17294774,None
10,30214703,rs1246758,92
10,30218346,rs7922737,None
10,30234246,rs17294794,None
10,30249705,rs2795617,None
10,30316208,rs2185724,None
10,30355193,rs2255515,398
10,30369860,rs2505127,398
10,30376771,rs4749528,397
10,30400396,rs12266240,None
10,30408814,rs2887510,397
10,30433467,rs3006509,398
10,30472392,rs1977583,397
10,30519832,rs2995271,397
10,30533660,rs2689208,397
10,30584513,rs12355619,95
10,30588673,rs586594,95
10,30643872,rs10826790,None
10,30671658,rs1831249,None
10,30678440,rs2244677,None
10,30706590,rs12770958,None
10,30778738,rs753173,481
10,30829020,rs6481694,None
10,30860535,rs2369932,None
10,30883179,rs11008138,481
10,30887952,rs16931765,481
10,30890572,rs623635,481
10,30895478,rs661893,481
10,30896831,rs448247,481
10,30899851,rs16931784,481
10,30965085,rs11008171,508
10,30984306,rs7078126,508
10,31000393,rs7910154,508
10,31022598,rs11008211,508
10,31024135,rs2047141,None
10,31046041,rs12247732,503
10,31099139,rs1340949,503
10,31102564,rs7093320,None
10,31130983,rs11008285,526
10,31149545,rs17295437,None
10,31210609,rs3006603,526
10,31233525,rs3006574,526
10,31298325,rs1690624,526
10,31350494,rs1776616,526
10,31402767,rs793098,526
10,31412936,rs2066250,None
10,31425683,rs11008356,None
10,31446322,rs1764443,None
10,31465307,rs793081,None
10,31741273,rs12217563,525
10,31886363,rs7920301,525
10,31899073,rs727345,525
10,31939485,rs2797129,None
10,31985518,rs796153,None
10,32035898,rs11008623,492
10,32050944,rs2797128,491
10,32067305,rs2808055,491
10,32070331,rs2808052,491
10,32114950,rs2255555,491
10,32308394,rs2286746,492
10,32422064,rs3006653,491
10,32428236,rs2998074,491
10,32435188,rs4749711,491
10,32467111,rs2998050,None
10,32509660,rs3891660,542
10,32531607,rs2031791,542
10,32563922,rs2986936,542
10,32659387,rs2505366,542
10,32668717,rs7086385,542
10,32684126,rs7922515,542
10,32696496,rs4394741,542
10,32714392,rs2505390,541
10,33198911,rs2488320,541
10,33213680,rs3780873,None
10,33281942,rs1187086,None
10,33353843,rs2666229,None
10,33357552,rs2666260,541
10,33373629,rs12243328,490
10,33451379,rs2474710,None
10,33460744,rs6481838,None
10,33463601,rs7912484,541
10,33471130,rs2506145,541
10,33484829,rs734186,541
10,33504465,rs2254826,490
10,33547465,rs3780869,513
10,33548376,rs10490938,None
10,33553257,rs2073320,513
10,33568935,rs1952983,None
10,33616929,rs1360457,None
10,33657994,rs9633635,409
10,33683090,rs2804884,409
10,33699673,rs2785273,409
10,33722748,rs1125432,460
10,33730855,rs2804904,None
10,33798746,rs2605506,461
10,33843547,rs2804875,461
10,33849179,rs11009437,460
10,33850159,rs11009438,461
10,33850943,rs11597016,461
10,33868055,rs1336540,461
10,33879069,rs2383992,461
10,33940796,rs1902409,None
10,33945388,rs2383998,None
10,33947995,rs7907596,None
10,34028762,rs7073701,432
10,34047975,rs11009512,432
10,34064066,rs10827283,432
10,34066789,rs2812613,432
10,34078973,rs17231134,432
10,34091207,rs2777525,432
10,34097009,rs2777531,432
10,34128582,rs7068747,432
10,34151392,rs1757469,432
10,34189978,rs1740721,433
10,34194532,rs4934622,None
10,34203669,rs12252306,382
10,34210538,rs1160769,382
10,34216438,rs10827315,433
10,34316972,rs1705007,None
10,34393732,rs7076988,None
10,34415490,rs4126706,339
10,34459407,rs748103,339
10,34492188,rs1121682,363
10,34495289,rs678188,363
10,34499647,rs10827338,339
10,34505864,rs12778087,339
10,34520359,rs1545214,363
10,34547562,rs1095687,363
10,34640064,rs10763981,384
10,34705559,rs2252655,384
10,34797585,rs7477871,None
10,34803585,rs1025637,384
10,34972844,rs2496737,385
10,34989041,rs2496745,384
10,35026141,rs10450314,385
10,35075817,rs7897283,None
10,35130901,rs10827443,385
10,35148739,rs2492460,None
10,35158707,rs2492461,385
10,35195406,rs2492448,327
10,35251225,rs10827475,327
10,35323130,rs12184386,327
10,35341301,rs2148483,327
10,35344969,rs1926554,327
10,35474699,rs4934540,327
10,35502533,rs3740082,327
10,35901715,rs640827,328
10,35912391,rs10827519,328
10,35947551,rs11010252,328
10,35962887,rs596815,328
10,36000671,rs654221,328
10,36003170,rs686040,328
10,36017327,rs586934,328
10,36062442,rs606815,340
10,36071555,rs2804814,340
10,36074474,rs4934765,None
10,36115560,rs4934770,None
10,36190616,rs2804808,341
10,36191613,rs708424,341
10,36201437,rs11010324,341
10,36211761,rs1343030,None
10,36262488,rs708419,320
10,36322229,rs3904594,320
10,36331363,rs2891528,None
10,36344376,rs10508828,320
10,36472611,rs315632,None
10,36590152,rs1219615,None
10,36638274,rs1632588,351
10,36643454,rs7916089,None
10,36666512,rs2384598,None
10,36669344,rs7898044,None
10,36714690,rs4934813,351
10,36717061,rs1857576,None
10,36734783,rs2503044,351
10,36828518,rs2505574,351
10,36890536,rs4934826,352
10,36901232,rs944733,352
10,36911213,rs7067849,352
10,36949132,rs2782619,405
10,37011284,rs1537325,405
10,37046656,rs2027129,405
10,37048760,rs11010839,None
10,37069380,rs10508853,None
10,37100768,rs2490846,466
10,37142348,rs12258125,466
10,37162907,rs1192655,None
10,37175719,rs1192673,466
10,37188470,rs2488750,466
10,37309400,rs2505160,None
10,37358339,rs2051563,None
10,37364259,rs1200910,None
10,37706195,rs2253294,547
10,37879010,rs2224371,547
10,37883937,rs7081464,547
10,38110813,rs10827831,None
10,38241067,rs1208606,None
10,38606505,rs1892143,547
10,42827951,rs2505838,552
10,42877581,rs9988706,None
10,42884169,rs4949008,552
10,42998990,rs210271,552
10,43006451,rs1852961,None
10,43012693,rs210236,553
10,43089965,rs210280,553
10,43119123,rs158377,553
10,43149991,rs590937,552
10,43265422,rs11239767,None
10,43431356,rs12572458,None
10,43441729,rs1582227,None
10,43474694,rs10900291,None
10,43480529,rs3004257,None
10,43499481,rs1254986,None
10,43505098,rs1271546,None
10,43563854,rs3026720,None
10,43649563,rs7476512,None
10,43724215,rs12775743,None
10,43793625,rs2503872,None
10,43804617,rs2505521,443
10,43814896,rs2503876,443
10,43820626,rs2493655,443
10,43895101,rs7070769,443
10,43923728,rs2247979,443
10,43989935,rs7100846,443
10,44030617,rs1338559,443
10,44052903,rs2230661,443
10,44207259,rs11238645,444
10,44208251,rs2505647,None
10,44292364,rs751464,444
10,44435246,rs4948582,506
10,44460433,rs1613984,None
10,44469148,rs6593376,None
10,44489563,rs4948806,506
10,44517536,rs7908204,506
10,44532138,rs1492712,506
10,44539913,rs2047009,506
10,44562687,rs7898629,None
10,44598146,rs268289,None
10,44618925,rs4948844,None
10,44632262,rs268274,507
10,44664524,rs2802487,506
10,44713311,rs1905150,507
10,44747059,rs535176,507
10,44793299,rs2505734,None
10,44871548,rs2297630,None
10,45026907,rs10900058,329
10,45066922,rs10900072,329
10,45161109,rs1480597,329
10,45182316,rs999473,329
10,45254830,rs2487504,329
10,45307205,rs10900114,329
10,45317052,rs1963172,329
10,45408011,rs7904676,353
10,45409244,rs6593449,353
10,45415345,rs932986,353
10,45453950,rs10900143,353
10,45458485,rs870204,None
10,45497915,rs7068660,386
10,45511408,rs6593456,386
10,45565290,rs7913550,386
10,45598618,rs1856591,386
10,45658078,rs3851262,None
10,45684066,rs2311318,None
10,45740470,rs1339748,425
10,45751692,rs1122801,425
10,45779319,rs1836470,425
10,45798202,rs7098434,424
10,45878908,rs745986,424
10,45912771,rs11239524,424
10,46024620,rs1073525,None
10,46076235,rs7086046,424
10,47667164,rs4076960,None
10,47701570,rs11596854,None
10,48318619,rs4342964,None
10,48354336,rs1902719,None
10,48365295,rs6587052,None
10,48380952,rs4922515,None
10,48431110,rs2853838,None
10,48471020,rs12414155,453
10,48473929,rs7076160,453
10,48483044,rs9421742,453
10,48483653,rs9421743,453
10,48521126,rs4341471,453
10,48524900,rs4255475,None
10,48545527,rs4406765,453
10,48548377,rs4922536,None
10,48583478,rs9422347,None
10,48658479,rs786781,None
10,48660703,rs998773,None
10,49406469,rs12249222,None
10,49420008,rs1864345,None
10,49591718,rs2698761,519
10,49608638,rs10857561,519
10,49686384,rs10857580,520
10,49699957,rs4838605,520
10,49707942,rs4838608,520
10,49735563,rs10776612,519
10,49753654,rs7096053,None
10,49756362,rs747532,None
10,49774209,rs10491042,None
10,49822801,rs3844492,None
10,49871496,rs10219012,411
10,49907313,rs10857619,411
10,49920608,rs1904601,411
10,49925611,rs17771443,411
10,49935878,rs12416600,None
10,49957450,rs4363511,495
10,49959702,rs17011160,495
10,49963131,rs2170127,None
10,49968596,rs11101460,None
10,49983172,rs2683611,495
10,49984690,rs2947344,496
10,49990081,rs10776644,496
10,49998569,rs726786,None
10,50127136,rs2943248,None
10,50137109,rs2377694,None
10,50300179,rs4240498,483
10,50332930,rs4550152,482
10,50393013,rs1962336,483
10,50418949,rs12249370,483
10,50451667,rs4838470,483
10,50496662,rs6537521,None
10,50508228,rs7900404,482
10,50561190,rs2889780,333
10,50570544,rs3849153,333
10,50615806,rs7086360,472
10,50652373,rs7906303,472
10,50768203,rs1917821,472
10,50821243,rs3810947,None
10,50849534,rs10508915,None
10,50850163,rs3793792,472
10,50863147,rs8178992,442
10,50909264,rs1258326,472
10,50916484,rs1258236,None
10,50932371,rs7100934,472
10,50964656,rs751595,472
10,51570152,rs10740051,None
10,51579413,rs17720205,None
10,52039157,rs2813323,None
10,52043966,rs12357549,442
10,52081612,rs7070330,484
10,52088733,rs2177371,484
10,52099505,rs7905772,484
10,52188013,rs11005626,484
10,52279502,rs2983348,484
10,52325713,rs2983362,None
10,52404195,rs4636605,484
10,52558492,rs7895606,485
10,52685197,rs2339624,None
10,52714759,rs2816838,485
10,52717885,rs7097894,485
10,52752634,rs2816835,485
10,52785053,rs10822114,473
10,52852610,rs2339675,None
10,52909710,rs1904699,473
10,52913970,rs10508937,473
10,52964590,rs7905063,473
10,52995974,rs1915672,473
10,53026775,rs1561039,473
10,53035292,rs4086289,None
10,53059406,rs2043556,473
10,53072168,rs7091469,None
10,53159076,rs293233,465
10,53197242,rs10997549,465
10,53236023,rs10997716,None
10,53240022,rs10508942,465
10,53250879,rs10508945,465
10,53378000,rs4935274,404
10,53388223,rs7915186,None
10,53478713,rs4400745,404
10,53482734,rs11594325,404
10,53497295,rs10762342,404
10,53510461,rs4568954,404
10,53593979,rs6480499,404
10,53608977,rs1937701,318
10,53627572,rs7907601,318
10,53637163,rs10999888,318
10,53660836,rs1937662,318
10,53679060,rs1937683,318
10,53721665,rs1903961,318
10,53734733,rs1904036,318
10,53754335,rs1904050,318
10,53765301,rs2246714,318
10,53799707,rs1903999,318
10,53838761,rs4935027,318
10,53895744,rs2001283,318
10,53910521,rs1910534,318
10,53943887,rs955779,319
10,53959455,rs2174257,None
10,53966300,rs1194492,319
10,54002021,rs1194501,319
10,54053817,rs1881597,319
10,54151095,rs1194663,None
10,54276543,rs1733721,None
10,54386443,rs12220324,419
10,54413554,rs991681,419
10,54417882,rs1160630,419
10,54469155,rs4597018,471
10,54498390,rs11816856,470
10,54501332,rs12571712,471
10,54504049,rs1992529,471
10,54542138,rs7477069,None
10,54572822,rs6480972,None
10,54585401,rs3897993,470
10,54642295,rs10824829,471
10,54653454,rs10824831,470
10,54682395,rs11003258,None
10,54726056,rs6480983,None
10,54753677,rs1935936,None
10,54867617,rs1904056,532
10,54879944,rs2384130,532
10,54882943,rs1006678,532
10,54909599,rs1903927,532
10,54962573,rs10740542,None
10,54999514,rs1871071,None
10,55009632,rs7893174,None
10,55080874,rs7899729,None
10,55146357,rs1909419,558
10,55147591,rs885507,558
10,55169541,rs12412561,559
10,55173321,rs17692775,558
10,55184722,rs10762979,None
10,55186807,rs12411335,None
10,55190288,rs1198120,558
10,55198707,rs405588,559
10,55235962,rs370244,559
10,55294874,rs583012,None
10,55334005,rs10825066,551
10,55367569,rs1489843,551
10,55418087,rs11003740,551
10,55546323,rs12253911,None
10,55550370,rs2211440,551
10,55801554,rs1911402,None
10,55841321,rs7921240,None
10,55898144,rs4447073,None
10,55922706,rs10509006,533
10,55943184,rs7093302,533
10,56114857,rs11594789,533
10,56219586,rs1234676,533
10,56239430,rs10825336,None
10,56271258,rs10825341,534
10,56286556,rs1930146,534
10,56304265,rs7099825,None
10,56313403,rs10825356,533
10,56366524,rs7913327,None
10,56411969,rs1414688,563
10,56423968,rs11004439,None
10,56428277,rs7902184,563
10,56435379,rs10825371,562
10,56441151,rs7911634,None
10,56487598,rs10825386,562
10,56538759,rs1912985,None
10,56562814,rs12413745,None
10,56589230,rs7081418,None
10,56595890,rs10763150,None
10,56644401,rs7350463,546
10,56707648,rs1733774,546
10,56723297,rs897116,None
10,56728229,rs1237360,546
10,56768101,rs2141841,540
10,56775306,rs2204866,540
10,56826443,rs10825455,None
10,56847522,rs1733743,540
10,56902502,rs2799610,None
10,56918888,rs2589444,None
10,56942586,rs12414156,522
10,56970011,rs2589450,None
10,56993816,rs2680327,522
10,57004253,rs10509029,522
10,57077430,rs16907255,None
10,57139743,rs1777675,523
10,57213026,rs7908118,523
10,57420417,rs2463951,523
10,57545246,rs7897503,None
10,57601709,rs10763269,523
10,57611683,rs1538424,None
10,57690158,rs1572688,524
10,57696970,rs16908017,524
10,57707708,rs16908031,524
10,58067127,rs7099218,535
10,58120988,rs11005328,None
10,58239664,rs4935649,None
10,58340191,rs7474843,535
10,58343819,rs7909510,535
10,58457011,rs4622179,None
10,58504123,rs1914564,None
10,58687410,rs2393158,536
10,58825350,rs3098360,536
10,59079675,rs4568922,535
10,59113403,rs7911894,536
10,59143964,rs7900471,None
10,59165924,rs4412689,536
10,59189178,rs4462262,536
10,59272405,rs10763490,536
10,59300009,rs2393283,536
10,59312333,rs7923928,None
10,59359706,rs2393261,536
10,59394044,rs10826094,None
10,59443530,rs1553571,538
10,59443875,rs7087313,538
10,59487363,rs1505929,538
10,59582520,rs9416634,538
10,59607602,rs6481369,538
10,59631611,rs2537632,538
10,59682064,rs16911207,538
10,59707476,rs2159862,537
10,59731757,rs10509081,None
10,59739454,rs1930447,537
10,59760871,rs10509084,537
10,59763468,rs7906925,None
10,59799718,rs11006023,537
10,59819581,rs10826146,537
10,59846118,rs1759339,None
10,59887998,rs10826158,None
10,59912870,rs3862864,None
10,60144998,rs2279339,None
10,60255969,rs1427213,None
10,60408485,rs7085920,None
10,60523769,rs10509093,None
10,60531282,rs2393479,None
10,60610919,rs7910260,None
10,60683190,rs7906427,293
10,60754780,rs2447112,None
10,60763470,rs10826264,293
10,60790128,rs17829274,293
10,60888567,rs1836034,None
10,60981423,rs10509098,None
10,61140376,rs513817,303
10,61157502,rs10740769,302
10,61250658,rs7916869,302
10,61294973,rs1763885,303
10,61367131,rs12268265,None
10,61467182,rs1171617,None
10,61507014,rs10993988,234
10,61533567,rs10994002,234
10,61595110,rs1822913,234
10,61600952,rs4948372,234
10,61640320,rs1626088,234
10,61696682,rs3099371,234
10,61749766,rs10821633,234
10,61752055,rs10821636,234
10,61802726,rs9888034,234
10,61816736,rs4372392,None
10,61831984,rs11599164,None
10,61856861,rs2393599,264
10,61882414,rs10994212,None
10,61926866,rs10509125,None
10,61945931,rs7087489,287
10,61961795,rs10994250,None
10,61964752,rs10994253,264
10,62008708,rs6479706,287
10,62013067,rs17806245,264
10,62028797,rs1459731,287
10,62048219,rs7095717,None
10,62104776,rs4582919,286
10,62137665,rs4147263,286
10,62143794,rs7896287,None
10,62220244,rs1934750,286
10,62244379,rs7898622,286
10,62495842,rs7919724,None
10,62554500,rs1060373,None
10,62619842,rs10994544,None
10,62652165,rs7898435,None
10,62661961,rs2893869,None
10,62682169,rs7913287,312
10,62842602,rs7087951,312
10,62866831,rs4131334,312
10,62869980,rs7911472,312
10,62969458,rs2633295,312
10,63018988,rs11596067,None
10,63112808,rs10821885,None
10,63176708,rs10994757,314
10,63248358,rs4948281,None
10,63303731,rs2606086,368
10,63307297,rs12267116,314
10,63361987,rs2814021,368
10,63372987,rs1456286,368
10,63420938,rs7095643,368
10,63507669,rs10509158,None
10,63558605,rs1444467,314
10,63576286,rs2675638,369
10,63595191,rs10994944,None
10,63604701,rs1444466,369
10,63609810,rs2588966,369
10,63617300,rs3851252,None
10,63633467,rs2675607,None
10,63688672,rs2893881,305
10,63699895,rs7073837,305
10,63718479,rs10740055,305
10,63843113,rs2278305,None
10,63907602,rs4256883,309
10,63912835,rs10821962,309
10,63974255,rs10733769,309
10,64059261,rs6479805,309
10,64159333,rs3758490,None
10,64230159,rs7923418,None
10,64231895,rs1955332,None
10,64257828,rs10509168,None
10,64307317,rs2138564,None
10,64315820,rs7903566,515
10,64374360,rs10822036,515
10,64379326,rs2393904,None
10,64380336,rs2393903,None
10,64406802,rs4537656,514
10,64441802,rs224112,None
10,64487073,rs224149,514
10,64560470,rs1444418,475
10,64637188,rs10399991,475
10,64667404,rs950214,None
10,64673225,rs10761678,None
10,64676376,rs944684,None
10,64725655,rs10509178,475
10,64765220,rs2842282,509
10,64770248,rs2664328,None
10,64802127,rs10995404,None
10,64816444,rs2495012,509
10,64819996,rs6479868,None
10,64829830,rs16918155,510
10,64839442,rs1010889,510
10,64859984,rs10509185,None
10,64875745,rs4545434,None
10,65333946,rs6479909,None
10,65523366,rs10509195,436
10,65531178,rs6479920,None
10,65553070,rs1255509,436
10,65563647,rs3999074,437
10,65587937,rs4427464,None
10,65621134,rs11596158,None
10,65625814,rs10509199,437
10,65685683,rs2461892,None
10,65711686,rs3858126,None
10,65817792,rs10491072,None
10,66286028,rs7083780,367
10,66290693,rs4529793,367
10,66333087,rs10822315,367
10,66371729,rs10822321,367
10,66373497,rs2394084,367
10,66486541,rs1915616,435
10,66495095,rs10509211,435
10,66501714,rs1915633,435
10,66504223,rs1915637,435
10,66515337,rs2177023,434
10,66529552,rs7091769,434
10,66582806,rs1227230,434
10,66592466,rs10761867,434
10,66788146,rs4128743,434
10,66877815,rs7899394,434
10,67011069,rs9415809,None
10,67055905,rs1509937,434
10,67096368,rs10509220,434
10,67096744,rs1948853,434
10,67118874,rs10996346,430
10,67192650,rs7897868,430
10,67263249,rs2394147,434
10,67327167,rs7094716,None
10,67379181,rs1902365,414
10,67432125,rs10509229,414
10,67473745,rs10509232,None
10,67477964,rs4333907,None
10,67523912,rs1904740,None
10,67606959,rs4402182,408
10,67619594,rs1947370,408
10,67667884,rs10509245,None
10,67677241,rs1670148,407
10,67679568,rs1941996,407
10,67709586,rs1786921,None
10,67747744,rs6480123,407
10,67770946,rs7903919,474
10,67780898,rs7068134,499
10,67784429,rs10509257,474
10,67786048,rs7076094,None
10,67787837,rs10996838,499
10,67821207,rs10509254,499
10,67837498,rs2394189,None
10,67864604,rs7070570,499
10,67871774,rs7903907,499
10,67902438,rs10509249,474
10,67935471,rs10822736,500
10,67940419,rs4746553,None
10,67960463,rs4746554,500
10,67998336,rs17247353,None
10,68028720,rs7912066,500
10,68065729,rs12412858,474
10,68082484,rs12416656,454
10,68085353,rs16922827,None
10,68089301,rs7918347,None
10,68158254,rs10509264,454
10,68179970,rs10997109,454
10,68254082,rs1911341,None
10,68277829,rs10509267,455
10,68282970,rs997225,455
10,68284017,rs2939914,455
10,68306814,rs1911291,None
10,68370180,rs2660034,429
10,68375667,rs7090742,429
10,68382135,rs10997263,429
10,68448403,rs6480203,None
10,68523326,rs12763151,None
10,68524967,rs4494211,428
10,68597130,rs11591563,428
10,68607338,rs4237311,428
10,68611103,rs10997408,428
10,68614840,rs10997419,428
10,68637811,rs1880046,348
10,68649352,rs10822936,None
10,68678211,rs2140380,None
10,68715988,rs1916389,None
10,68722086,rs1925562,348
10,68754653,rs716547,374
10,68777013,rs7900716,374
10,68802934,rs1952060,374
10,68835496,rs2764813,374
10,69013466,rs7076647,None
10,69286361,rs10823057,375
10,69373374,rs7097855,None
10,69563811,rs10997817,375
10,69871319,rs2894058,375
10,69884006,rs17456902,None
10,69888483,rs12220135,375
10,69905300,rs2817760,None
10,69914581,rs1906719,347
10,69933969,rs7916821,347
10,69983127,rs1867567,347
10,70011838,rs3858145,347
10,70263579,rs10823215,347
10,70486325,rs1782322,346
10,70501910,rs3740593,346
10,70725128,rs3898314,None
10,70800623,rs2998005,None
10,70871598,rs2394505,346
10,70969158,rs2174670,346
10,70975916,rs5030938,346
10,70985650,rs4746826,346
10,70987938,rs12221182,346
10,71003612,rs1472814,346
10,71026510,rs906219,346
10,71056150,rs7897621,None
10,71064512,rs4746841,None
10,71098376,rs10998724,None
10,71158268,rs1227938,233
10,71204185,rs1124367,233
10,71245617,rs1227937,233
10,71272018,rs972570,233
10,71273696,rs4745990,233
10,71293704,rs12416010,233
10,71298455,rs1237105,233
10,71302427,rs2084273,233
10,71312023,rs10823406,233
10,71320943,rs190925,233
10,71343400,rs989485,213
10,71348435,rs874511,213
10,71357954,rs731573,213
10,71376096,rs1903790,None
10,71383377,rs2616104,255
10,71391621,rs2306139,None
10,71402902,rs10509319,255
10,71409843,rs12782802,255
10,71418213,rs2616076,255
10,71432146,rs2616108,255
10,71432279,rs10509316,255
10,71442615,rs12161693,255
10,71466637,rs2812541,278
10,71482299,rs2394581,278
10,71483516,rs4746896,278
10,71511081,rs7894473,None
10,71515730,rs4746906,278
10,71524485,rs2704463,None
10,71530187,rs750114,255
10,71536447,rs731016,277
10,71543168,rs2642575,277
10,71546573,rs2247549,None
10,71552976,rs3104053,225
10,71559089,rs2642609,277
10,71580120,rs17497526,277
10,71583198,rs7077164,277
10,71588504,rs1227756,277
10,71598059,rs3858154,225
10,71599042,rs11593153,225
10,71615124,rs2683560,None
10,71662783,rs942576,None
10,71683024,rs3793829,None
10,71714537,rs4746937,258
10,71725020,rs3847355,259
10,71736472,rs10509310,259
10,71772019,rs2394616,259
10,71791351,rs2130791,258
10,71828842,rs3847356,None
10,71868616,rs2271699,245
10,71890630,rs2394644,245
10,71940082,rs10762346,245
10,71984085,rs9284077,245
10,72038399,rs868075,245
10,72055156,rs4746989,232
10,72057163,rs4746992,None
10,72118655,rs10823529,232
10,72169625,rs7918386,232
10,72172992,rs7078987,232
10,72252825,rs10762385,None
10,72261519,rs10443943,None
10,72263690,rs4747042,None
10,72294836,rs10999379,None
10,72351827,rs12765134,None
10,72365130,rs1641661,None
10,72375801,rs10999435,None
10,72405504,rs826463,None
10,72424452,rs17528058,504
10,72431602,rs10999463,None
10,72445375,rs1477069,505
10,72445630,rs1477070,504
10,72467255,rs4747083,None
10,72467944,rs2024464,504
10,72468097,rs10823600,504
10,72475768,rs10823602,505
10,72496131,rs1861519,None
10,72505992,rs10999507,None
10,72513957,rs4746065,464
10,72515802,rs946744,464
10,72517837,rs6480463,464
10,72518009,rs4747096,464
10,72524341,rs2688768,None
10,72601813,rs827235,None
10,72651694,rs1338643,None
10,72674069,rs827340,362
10,72701888,rs827294,362
10,72719407,rs10999616,362
10,72731151,rs7078625,None
10,72752982,rs10999632,332
10,72810071,rs7077129,None
10,72858079,rs5006438,332
10,72919002,rs10509331,332
10,72991385,rs7893421,None
10,72998234,rs10999739,325
10,73043016,rs11593534,None
10,73047690,rs2277259,325
10,73069119,rs17546494,326
10,73069492,rs7079524,None
10,73076862,rs869545,326
10,73097953,rs780662,326
10,73119023,rs703256,326
10,73154073,rs10823733,None
10,73225677,rs2185415,3
10,73240073,rs16928929,36
10,73241440,rs7901112,36
10,73246540,rs10762451,3
10,73285723,rs7917660,252
10,73294743,rs4423112,None
10,73315940,rs877783,252
10,73340767,rs3998531,None
10,73345064,rs7093128,252
10,73356835,rs10762458,252
10,73387685,rs4746089,252
10,73392998,rs2394834,252
10,73405954,rs2305208,252
10,73409978,rs4746093,252
10,73417236,rs1665688,252
10,73421248,rs1665624,252
10,73447281,rs1227087,None
10,73506514,rs12248205,252
10,73531069,rs10762477,307
10,73586585,rs2854992,None
10,73591794,rs11000020,None
10,73594499,rs762571,306
10,73596364,rs7905774,306
10,73597352,rs720295,306
10,73598889,rs4747204,306
10,73616575,rs4746097,307
10,73626223,rs4747211,None
10,73637226,rs4237333,None
10,73680393,rs7919639,None
10,73717915,rs11527412,None
10,73820001,rs1049269,297
10,73828748,rs1678627,297
10,73845884,rs1245548,297
10,73940491,rs12257464,None
10,74010785,rs7092573,298
10,74020044,rs10740396,298
10,74025367,rs12247568,None
10,74181757,rs7917581,298
10,74362355,rs3009540,298
10,75416789,rs12570126,None
10,75601688,rs2254266,None
10,75648249,rs2675677,None
10,75693932,rs2633322,None
10,76323150,rs10762630,281
10,76498150,rs2488089,281
10,76511108,rs1189555,281
10,76527573,rs10824236,281
10,76751435,rs7908565,282
10,76834921,rs4745763,282
10,76842925,rs7901680,282
10,76867899,rs7912300,282
10,76897757,rs10509354,282
10,76977117,rs12269517,273
10,77032196,rs11001351,282
10,77109880,rs6480779,273
10,77160682,rs10824306,None
10,77213302,rs7896671,68
10,77297579,rs2017112,None
10,77456175,rs1909677,68
10,77504287,rs7097617,68
10,77561513,rs1124372,68
10,77584736,rs1909694,68
10,77646553,rs9415126,68
10,77671322,rs17435206,68
10,77754511,rs2057438,69
10,77795995,rs4745806,69
10,77850698,rs4746357,69
10,77866732,rs7920628,69
10,77915310,rs1898102,69
10,77949346,rs1898089,None
10,78005230,rs1247488,None
10,78054402,rs1992012,70
10,78116099,rs9299535,70
10,78155287,rs749127,72
10,78177534,rs4746391,72
10,78189959,rs1873465,72
10,78224646,rs12777728,72
10,78299227,rs1907310,72
10,78312002,rs2637254,72
10,78472104,rs7913345,None
10,78605316,rs1897584,72
10,78678167,rs1907729,71
10,78688976,rs1865020,71
10,78694444,rs1865017,71
10,78700102,rs10762739,71
10,78712361,rs2116833,None
10,78715622,rs4980118,None
10,78731833,rs10824477,467
10,78750810,rs3824716,467
10,78756247,rs3781157,467
10,78801799,rs2247557,None
10,78806633,rs11001988,None
10,78809089,rs2209666,467
10,78875386,rs2616654,467
10,78880943,rs7907270,467
10,78952355,rs1516509,None
10,78967887,rs7895375,None
10,78967952,rs7070015,None
10,79007602,rs560830,None
10,79033959,rs1516512,497
10,79059483,rs872794,498
10,79077095,rs611519,497
10,79077847,rs625148,None
10,79123321,rs250710,497
10,79137838,rs10824534,498
10,79164857,rs673195,None
10,79180099,rs7898846,None
10,79187957,rs250708,None
10,79216001,rs697171,357
10,79247942,rs11002179,357
10,79269731,rs3127449,357
10,79279315,rs816846,357
10,79338239,rs2673417,357
10,79378558,rs1878001,357
10,79399370,rs2673485,None
10,79492970,rs12761718,None
10,79524387,rs873740,None
10,79704394,rs1366047,None
10,79732721,rs735638,370
10,79779150,rs1863898,370
10,79896196,rs4979802,370
10,79937988,rs10762770,370
10,80012051,rs11002468,None
10,80017045,rs4979807,None
10,80042347,rs7088190,390
10,80043368,rs1720260,390
10,80059642,rs1109073,390
10,80066149,rs7076791,390
10,80075608,rs1916395,456
10,80080866,rs7920472,None
10,80091017,rs1916399,456
10,80114165,rs1877591,None
10,80131442,rs10490996,468
10,80140047,rs12768040,468
10,80156597,rs11002535,468
10,80184572,rs2578118,487
10,80208772,rs2248789,None
10,80220985,rs1435961,487
10,80222411,rs2670200,486
10,80238142,rs10509398,None
10,80248755,rs1369752,486
10,80280541,rs1811384,390
10,80405937,rs10762795,None
10,80410110,rs1655627,None
10,80435887,rs4979997,None
10,80447787,rs11002633,None
10,80478501,rs11002643,323
10,80502114,rs10509401,337
10,80522637,rs615550,337
10,80527255,rs12263918,323
10,80591064,rs753384,337
10,80627582,rs2993816,None
10,80687569,rs7907048,359
10,80698200,rs1561439,359
10,80768033,rs2027260,359
10,80777567,rs1371104,359
10,80783166,rs3802643,359
10,80797439,rs1946842,359
10,80801482,rs11002793,359
10,80818282,rs1961130,358
10,80828245,rs2297922,None
10,80835868,rs10824713,358
10,80843548,rs4980027,358
10,80849153,rs1269867,358
10,80867175,rs6480919,358
10,80882589,rs1658322,None
10,80919442,rs749821,349
10,80932607,rs10824726,349
10,80945997,rs4979848,349
10,81018262,rs11002895,349
10,81074816,rs3740259,78
10,81089162,rs11002928,78
10,81136015,rs7082045,None
10,81147948,rs10740498,None
10,81166079,rs10740506,78
10,81175086,rs2145995,None
10,81183884,rs2395577,78
10,81191488,rs1885433,None
10,81194219,rs4980079,None
10,81388196,rs1650169,None
10,81715738,rs2146192,122
10,81748708,rs7084667,122
10,81758995,rs7904954,122
10,81761489,rs1932571,122
10,81767388,rs7070394,122
10,81794163,rs2342606,122
10,81863964,rs7905482,122
10,81912179,rs751740,None
10,81954395,rs2819944,121
10,82030658,rs3851059,121
10,82046615,rs1819684,None
10,82174761,rs6585989,121
10,82241930,rs7088704,121
10,82247139,rs2343308,121
10,82320993,rs4038156,121
10,82331962,rs7094314,121
10,82338336,rs7894923,121
10,82340707,rs11186149,121
10,82344455,rs6586088,121
10,82349461,rs1878041,121
10,82385041,rs9325452,None
10,82401289,rs1913752,None
10,82414719,rs4934395,None
10,82450804,rs1559554,227
10,82456323,rs9421683,227
10,82471832,rs6586155,226
10,82473065,rs10509415,226
10,82478836,rs7896067,226
10,82547720,rs10509416,None
10,82570802,rs1702249,None
10,82575778,rs7075795,None
10,82655793,rs735687,218
10,82656178,rs2135728,218
10,82656283,rs1002745,218
10,82672817,rs2345201,218
10,82674625,rs10786132,218
10,82696713,rs2345209,None
10,82706117,rs10509420,218
10,82736647,rs4511237,None
10,82795129,rs900785,219
10,82879719,rs379800,219
10,82885975,rs1953661,None
10,82941755,rs7074341,None
10,82984432,rs10882846,None
10,83006207,rs12414453,None
10,83012285,rs3851061,265
10,83029412,rs2152745,265
10,83075488,rs265454,279
10,83119210,rs2771234,279
10,83141004,rs1329210,None
10,83172937,rs4933778,279
10,83184149,rs11189831,None
10,83188768,rs1329202,280
10,83199251,rs1410910,274
10,83253644,rs1997974,280
10,83273315,rs9332404,274
10,83339057,rs7098143,274
10,83392668,rs7918647,274
10,83433450,rs12262773,274
10,83449684,rs506380,274
10,83515878,rs7897955,274
10,83581933,rs764866,None
10,83582236,rs764867,None
10,83594473,rs2207654,None
10,83602603,rs2207658,None
10,83616171,rs7907714,235
10,83656526,rs6584400,236
10,83662048,rs910585,235
10,83723457,rs7902158,236
10,83736634,rs10509440,None
10,83786851,rs7068239,118
10,83802403,rs2207768,118
10,83835639,rs4562759,118
10,83847988,rs926929,118
10,83865764,rs7099976,118
10,83916424,rs1649949,None
10,83964123,rs10786961,438
10,83978695,rs17099627,438
10,83981964,rs10884361,None
10,83996992,rs7915399,438
10,84207574,rs7902584,438
10,84223466,rs1937970,438
10,84237349,rs7073972,438
10,84322815,rs617738,438
10,84333628,rs11195073,None
10,84359114,rs11195188,438
10,84386093,rs661469,None
10,84403376,rs2255228,None
10,84433391,rs3924461,None
10,84444585,rs2250933,521
10,84457148,rs2246633,None
10,84477898,rs915349,521
10,84483977,rs2249075,521
10,84519876,rs2644212,521
10,84538744,rs7477796,543
10,84545849,rs1333211,549
10,84571953,rs715687,543
10,84574375,rs11196077,543
10,84583413,rs193178,549
10,84590820,rs342375,None
10,84623726,rs512064,None
10,84634847,rs11196301,543
10,84685244,rs1475706,548
10,84900150,rs7911623,548
10,84947146,rs10509470,543
10,85002875,rs11197865,549
10,85029143,rs4370876,545
10,85043105,rs11197990,None
10,85127739,rs10886214,545
10,85132088,rs17290355,None
10,85133956,rs10886221,545
10,85139142,rs4076319,545
10,85187542,rs1855953,545
10,85205935,rs2349159,545
10,85213365,rs10509475,545
10,85254470,rs11198993,545
10,85317970,rs602012,None
10,85330074,rs1359266,None
10,85361271,rs1535847,None
10,85409604,rs969986,545
10,85437823,rs7919387,None
10,85438929,rs4933298,None
10,85445507,rs3904537,None
10,85471106,rs1931144,None
10,85482501,rs4614382,447
10,85521252,rs11200461,447
10,85573379,rs527457,None
10,85628215,rs11200713,None
10,85632532,rs1110421,None
10,85638143,rs4933939,None
10,85675348,rs2349764,560
10,85684595,rs1857459,560
10,85686185,rs12768886,560
10,85700055,rs7077857,None
10,85737862,rs4933305,560
10,85755077,rs17329709,560
10,85764135,rs2350106,560
10,85775232,rs10509485,None
10,85805384,rs11814628,560
10,85826201,rs3999209,560
10,85838758,rs7072402,None
10,85844814,rs4244944,560
10,85892729,rs7071034,560
10,85950406,rs7099098,561
10,85990621,rs10736318,561
10,85994719,rs4933987,561
10,86020700,rs4244950,None
10,86039278,rs7894492,561
10,86047936,rs4281435,561
10,86048061,rs4366428,561
10,86206701,rs10887291,None
10,86237184,rs10887305,564
10,86257447,rs1763976,None
10,86337629,rs12777323,None
10,86342022,rs2488624,None
10,86366489,rs2488656,564
10,86377269,rs10887335,None
10,86392391,rs2505782,564
10,86421486,rs11201157,None
10,86439849,rs4573626,554
10,86464587,rs945146,564
10,86475581,rs6585878,None
10,86481602,rs2505788,None
10,86503601,rs1577286,565
10,86529952,rs6585887,565
10,86547284,rs17104125,564
10,86571942,rs10887382,565
10,86639989,rs4310554,554
10,86665044,rs4244961,554
10,86712634,rs7072257,None
10,86758509,rs1538431,554
10,86806057,rs2211084,554
10,87066918,rs7910462,554
10,87081507,rs7915322,None
10,87081768,rs2037066,554
10,87168136,rs7091087,539
10,87174520,rs2351347,539
10,87214408,rs1912282,539
10,87251652,rs1949058,539
10,87287808,rs1912305,None
10,87297497,rs1912301,None
10,87436348,rs12255557,502
10,87455683,rs4488140,502
10,87537219,rs1880389,None
10,87553409,rs1106789,501
10,87592785,rs947594,None
10,87606617,rs11818522,501
10,87713420,rs7090885,None
10,87750258,rs17318292,457
10,87764778,rs10887544,457
10,87807390,rs10788478,457
10,87849054,rs2352461,None
10,87865374,rs4934150,448
10,87890326,rs5003944,448
10,87894288,rs884700,448
10,87896157,rs11816291,448
10,87909947,rs7921149,448
10,87915809,rs7920781,448
10,87923404,rs7912161,448
10,87940997,rs1870168,None
10,87951686,rs2607829,None
10,88012223,rs2255475,557
10,88014349,rs2814352,557
10,88029586,rs1870167,557
10,88068120,rs1896527,557
10,88100089,rs874758,556
10,88104526,rs10749535,550
10,88105348,rs6586006,556
10,88117490,rs7910309,556
10,88128281,rs3814614,550
10,88141534,rs1863826,550
10,88158854,rs4933395,555
10,88175881,rs1896514,550
10,88194529,rs4934207,555
10,88263120,rs7070233,None
10,88276899,rs7914270,544
10,88332974,rs2588279,None
10,88341011,rs10887625,544
10,88349538,rs720728,None
10,88372958,rs2803589,None
10,88446254,rs1986382,527
10,88455242,rs2803572,527
10,88515072,rs3905377,527
10,88530481,rs3858284,527
10,88571339,rs4934268,None
10,88585926,rs722068,527
10,88617392,rs4934275,527
10,88683122,rs7074064,527
10,88697548,rs7082258,None
10,88743691,rs11202285,518
10,89260709,rs11202426,518
10,89292637,rs3847448,518
10,89300314,rs3847452,518
10,89310662,rs1408377,518
10,89355313,rs12771728,518
10,89357516,rs1886280,518
10,89364121,rs6586085,518
10,89368767,rs10788555,518
10,89406641,rs10437508,518
10,89411241,rs7092063,518
10,89411554,rs791887,518
10,89596558,rs7078010,529
10,89657150,rs2299939,528
10,89741806,rs809367,None
10,89777788,rs2244092,528
10,89785953,rs4934374,528
10,89788638,rs7908382,None
10,89799613,rs692788,None
10,89806294,rs7094771,None
10,89807852,rs587039,None
10,89817829,rs545138,528
10,89821646,rs7084813,None
10,89828889,rs2311740,529
10,89898756,rs10887788,516
10,89899843,rs7072702,516
10,89944820,rs756244,517
10,89950581,rs868872,517
10,89965473,rs533722,None
10,89993471,rs2026914,None
10,90022647,rs286492,None
10,90029028,rs286488,476
10,90069353,rs12572813,476
10,90072352,rs10509543,None
10,90147344,rs792232,476
10,90195149,rs1935581,530
10,90213213,rs7096710,530
10,90219298,rs10509550,530
10,90254417,rs10509551,None
10,90279372,rs1952122,None
10,90429652,rs814628,531
10,90462716,rs303511,530
10,90506027,rs400659,531
10,90526379,rs402781,531
10,90547576,rs7081173,None
10,90578539,rs1411780,None
10,90580330,rs1661281,None
10,90663839,rs10509557,None
10,90728781,rs7088326,None
10,90757787,rs1571011,391
10,90759724,rs4406737,None
10,90791968,rs1926189,391
10,90802924,rs2105436,391
10,90834673,rs4481939,391
10,90837919,rs2841016,391
10,90916085,rs11203006,391
10,90983629,rs1556478,391
10,90991179,rs1041389,391
10,90999036,rs1029074,None
10,91097554,rs11203078,None
10,91161355,rs303212,458
10,91199517,rs7088848,None
10,91215809,rs3740029,459
10,91222287,rs3740030,None
10,91245284,rs303195,458
10,91275580,rs7087280,459
10,91297717,rs12254170,None
10,91346003,rs7079873,None
10,91351942,rs2038921,416
10,91372533,rs11185790,None
10,91403980,rs997456,416
10,91592198,rs1125326,None
10,91611861,rs7079714,None
10,91644426,rs10509583,None
10,91716028,rs1936216,272
10,91743629,rs7086845,272
10,91776003,rs7914961,272
10,91782728,rs10881732,272
10,91869383,rs4933174,272
10,91930931,rs1329180,272
10,91965580,rs2480268,None
10,92022480,rs10219117,None
10,92083015,rs1326163,301
10,92095819,rs12571204,301
10,92102972,rs1540997,301
10,92132199,rs10785956,304
10,92167112,rs10785957,304
10,92223676,rs10509602,None
10,92230837,rs2490314,304
10,92248009,rs1274351,None
10,92292960,rs1274386,None
10,92434957,rs1936614,None
10,92457643,rs1936611,310
10,92470777,rs1857586,311
10,92495336,rs1107688,310
10,92514739,rs11186300,310
10,92590233,rs10881838,310
10,92595066,rs2901127,310
10,92598171,rs10785973,311
10,92686421,rs7905809,None
10,92753721,rs17535998,283
10,92783513,rs9787573,283
10,92806472,rs2290715,283
10,92836763,rs3852502,283
10,92914422,rs2420801,290
10,92937921,rs7098577,290
10,92962073,rs2421485,290
10,92966969,rs10748558,290
10,92972619,rs2421482,290
10,93050333,rs10509625,None
10,93300327,rs11186608,None
10,93348014,rs1329651,336
10,93349092,rs1028935,None
10,93354689,rs4933672,336
10,93368163,rs4933211,335
10,93412994,rs2000177,336
10,93430144,rs11186654,336
10,93442240,rs1891275,336
10,93462424,rs2039973,335
10,93564315,rs2066275,None
10,93643195,rs7085519,None
10,93691840,rs12416560,313
10,93746420,rs11819184,None
10,93778269,rs2048901,None
10,93930279,rs7087501,313
10,94147345,rs2259430,313
10,94176088,rs7086285,313
10,94190580,rs10786044,None
10,94319992,rs1999763,None
10,94353278,rs12256435,None
10,94565784,rs2422067,330
10,94716313,rs980204,330
10,94764660,rs7081888,None
10,94840716,rs7905501,None
10,94842827,rs6583854,None
10,94852448,rs10882144,None
10,94868976,rs2182859,None
10,94883284,rs4918317,376
10,94908144,rs17382342,376
10,94925825,rs7085051,376
10,94948753,rs4144915,376
10,94967076,rs7070947,376
10,95062333,rs12777191,None
10,95073046,rs787667,377
10,95089013,rs1609572,377
10,95089762,rs17477816,377
10,95097537,rs1614065,None
10,95117549,rs787630,None
10,95151622,rs720183,None
10,95159025,rs701862,None
10,95172888,rs701878,None
10,95249605,rs947603,None
10,95266683,rs947599,294
10,95294094,rs7085858,294
10,95305939,rs7893412,294
10,95324503,rs10882267,294
10,95387857,rs7080650,None
10,95395247,rs616522,None
10,95459267,rs1326224,None
10,95475470,rs7098209,176
10,95503759,rs7071043,176
10,95531345,rs10882331,None
10,95538467,rs11187664,None
10,95718037,rs12768993,176
10,95737763,rs7085672,195
10,95786024,rs7921117,None
10,95893514,rs10786152,195
10,95933801,rs1776946,195
10,95937944,rs2689694,195
10,95946520,rs2689700,195
10,96013824,rs1408820,269
10,96033766,rs4918188,269
10,96052511,rs11187842,None
10,96140822,rs11598738,None
10,96173304,rs1334596,269
10,96229166,rs1931757,268
10,96619025,rs3862009,None
10,96700537,rs2253635,268
10,96707202,rs4086116,None
10,96766934,rs2860975,268
10,96796861,rs1058932,None
10,96797470,rs1934953,268
10,96828160,rs1934956,None
10,96864595,rs7097340,None
10,96941391,rs597768,None
10,96998193,rs12771349,None
10,97020612,rs7101278,270
10,97021389,rs10509685,None
10,97039458,rs10786195,270
10,97047200,rs1471730,None
10,97155481,rs10882589,None
10,97171430,rs7088546,None
10,97252314,rs1571131,241
10,97270729,rs12247017,240
10,97274838,rs10882607,241
10,97284081,rs1326934,240
10,97315208,rs10882615,None
10,97339930,rs7895441,230
10,97345469,rs10509689,230
10,97438823,rs10882651,230
10,97650509,rs7074866,230
10,97657029,rs7918631,230
10,97698222,rs1336457,None
10,97767830,rs7096743,None
10,97947041,rs10748663,230
10,97960993,rs11188661,230
10,97993942,rs10882754,None
10,98072541,rs3789938,164
10,98085338,rs3789940,164
10,98136250,rs3762096,164
10,98158494,rs7919721,164
10,98205419,rs3789955,164
10,98250191,rs7078184,164
10,98258871,rs12569424,164
10,98384147,rs7905024,None
10,98395083,rs2025452,None
10,98504184,rs1172464,None
10,98549577,rs7477274,None
10,98862741,rs2279508,114
10,98863189,rs2279510,114
10,98871605,rs2817698,114
10,98874113,rs2817701,114
10,98889713,rs2817708,114
10,98905223,rs2817656,114
10,98912996,rs2784921,114
10,98955599,rs7894232,119
10,98967359,rs902466,119
10,98988759,rs1468069,119
10,99183402,rs928603,119
10,99204526,rs7081796,119
10,99220707,rs3740526,119
10,99358511,rs11817730,119
10,99433297,rs2065672,120
10,99537490,rs10748709,120
10,99554180,rs4359141,120
10,99574757,rs7093131,120
10,99703805,rs556474,159
10,99917757,rs4281427,None
10,99932320,rs10509718,159
10,100016339,rs1983865,159
10,100032289,rs878259,159
10,100046078,rs7905091,159
10,100087228,rs6584185,166
10,100088262,rs4919210,None
10,100092279,rs11189555,165
10,100101261,rs753299,165
10,100111392,rs4919218,165
10,100114965,rs765456,165
10,100218766,rs1060445,166
10,100247590,rs4919231,162
10,100273119,rs10883112,163
10,100278017,rs10509722,162
10,100350322,rs675410,163
10,100637858,rs895070,194
10,100648642,rs7908265,193
10,100997041,rs3814146,194
10,101138526,rs7069535,None
10,101166544,rs2234971,194
10,101189494,rs3793935,193
10,101233574,rs7077930,194
10,101250348,rs9665572,None
10,101274365,rs7078219,None
10,101334019,rs4244336,229
10,101335003,rs7906204,None
10,101345366,rs1035209,229
10,101350530,rs10883381,None
10,101359865,rs4919360,239
10,101362751,rs2111325,239
10,101365313,rs11190179,None
10,101567426,rs2073337,239
10,101633447,rs2256700,None
10,101764893,rs7078766,None
10,101805442,rs11599750,238
10,101817557,rs2862925,238
10,101834092,rs12775433,238
10,101860631,rs1408580,238
10,101893418,rs7893985,238
10,102056745,rs2278842,220
10,102072092,rs3844556,220
10,102077925,rs1993110,None
10,102104521,rs735877,199
10,102116311,rs2234970,199
10,102259706,rs2273696,199
10,102308214,rs3750633,199
10,102375258,rs7092999,199
10,102383988,rs1110286,199
10,102391740,rs2489013,199
10,102416555,rs10883518,None
10,102427797,rs4919478,199
10,102471756,rs10786603,199
10,102552752,rs10883543,None
10,102610360,rs912478,None
10,102627228,rs10883547,None
10,102653765,rs10786612,198
10,102660904,rs2902407,198
10,102684380,rs10883563,198
10,102689217,rs2273654,198
10,102770082,rs807023,198
10,102874668,rs1361265,None
10,102896801,rs2235128,None
10,102926766,rs12240442,None
10,102964604,rs11598564,None
10,102993649,rs625039,None
10,103008802,rs1885517,292
10,103050571,rs644633,291
10,103062312,rs927351,292
10,103063437,rs667707,292
10,103067687,rs590945,None
10,103124457,rs7090670,None
10,103191124,rs4919545,288
10,103298099,rs4151060,None
10,103344589,rs3730463,None
10,103368654,rs7006,288
10,103392503,rs3127230,288
10,103488124,rs6584453,288
10,103605714,rs1044258,288
10,103618033,rs1530589,291
10,103891974,rs2815401,291
10,103984060,rs7083450,None
10,104140350,rs11191274,288
10,104157711,rs7897947,None
10,104174895,rs2282295,None
10,104213502,rs11191291,None
10,104220301,rs7075281,None
10,104395085,rs2001595,299
10,104401632,rs4146429,None
10,104412049,rs10883759,300
10,104418656,rs7923415,300
10,104487382,rs2902548,None
10,104500659,rs10786706,299
10,104585125,rs4919683,299
10,104618695,rs7096169,299
10,104623578,rs9527,299
10,104661484,rs1046778,299
10,104671212,rs10883800,299
10,104817709,rs11191537,None
10,104897985,rs11598702,299
10,105013147,rs4918001,None
10,105039241,rs1163085,299
10,105179214,rs3740382,None
10,105244565,rs2863733,None
10,105271758,rs2281859,None
10,105299611,rs6584555,None
10,105322373,rs11191727,None
10,105342866,rs4918025,237
10,105376388,rs3824781,237
10,105391300,rs7918134,None
10,105406129,rs880549,237
10,105423908,rs4918040,237
10,105438751,rs3824774,237
10,105466808,rs12772784,237
10,105500858,rs879543,250
10,105543393,rs2073341,250
10,105568840,rs7086883,250
10,105574251,rs7086170,None
10,105606287,rs4918060,None
10,105657892,rs2984132,250
10,105724329,rs10883953,250
10,105933417,rs642743,249
10,105950516,rs10883978,None
10,106006181,rs7896809,249
10,106053641,rs156699,249
10,106087512,rs276219,249
10,106099408,rs7095770,249
10,106217667,rs2050363,152
10,106242515,rs280845,152
10,106265362,rs1028915,152
10,106281629,rs6584608,152
10,106349202,rs2183164,209
10,106371784,rs1855581,209
10,106392549,rs4918122,None
10,106473048,rs4350297,247
10,106562226,rs2496026,None
10,106623656,rs2491380,248
10,106763703,rs1997064,None
10,106845381,rs17790008,248
10,106858342,rs791116,247
10,106891264,rs10884100,247
10,106935209,rs10786848,247
10,106955081,rs1484237,247
10,107020914,rs1484247,247
10,107091198,rs3011648,247
10,107255347,rs2926457,None
10,107324125,rs10509792,228
10,107343068,rs10786877,228
10,107455498,rs12783109,228
10,107507362,rs2111995,228
10,107517345,rs1362991,228
10,107530680,rs2418774,228
10,107752982,rs517678,None
10,107821298,rs11192698,None
10,108004010,rs10786928,None
10,108014982,rs4918219,30
10,108160539,rs1405044,30
10,108260332,rs2900712,None
10,108302957,rs7087018,None
10,108311696,rs2181019,34
10,108313239,rs2900713,34
10,108344559,rs2418811,34
10,108355843,rs11814145,33
10,108394614,rs10491052,33
10,108413302,rs10884339,33
10,108487180,rs10748924,33
10,108553214,rs2245123,33
10,108559699,rs2486154,33
10,108564718,rs4918255,None
10,108711579,rs822097,None
10,108795375,rs950809,None
10,108804840,rs10509826,None
10,108877127,rs669061,202
10,108880455,rs607437,None
10,108890426,rs7083707,None
10,108907002,rs610785,202
10,108975575,rs1415491,211
10,108987492,rs4918288,None
10,108992551,rs1337429,210
10,109013673,rs1415498,210
10,109030214,rs1892141,None
10,109173829,rs7901760,210
10,109181299,rs7076958,210
10,109191459,rs1338965,211
10,109253805,rs1441270,210
10,109264291,rs1992407,None
10,109278432,rs1676801,210
10,109289596,rs1661005,210
10,109340642,rs12766593,210
10,109361425,rs7086673,None
10,109393286,rs2418960,201
10,109397459,rs2125071,201
10,109433484,rs7072807,201
10,109452480,rs2245437,None
10,109486011,rs2244483,None
10,109507735,rs12767354,200
10,109519015,rs7909332,200
10,109539279,rs4431961,200
10,109565840,rs10509849,200
10,109566211,rs2243561,200
10,109571413,rs2026777,200
10,109586573,rs2265217,None
10,109599439,rs1411290,None
10,109609300,rs765651,153
10,109693841,rs12775077,153
10,109730743,rs7919814,153
10,109731584,rs7915527,153
10,109755896,rs7897681,153
10,109925206,rs317455,153
10,109969396,rs10884600,153
10,110083106,rs319814,153
10,110146869,rs1329482,153
10,110216429,rs1329499,153
10,110374860,rs928408,178
10,110441149,rs7914735,178
10,110541074,rs945824,178
10,110566771,rs1856165,178
10,110814528,rs723483,178
10,110874611,rs943268,178
10,110947577,rs534259,178
10,110948284,rs473244,None
10,110991026,rs10787140,178
10,111233766,rs4113,178
10,111268887,rs10884796,178
10,111528480,rs1245907,187
10,111542533,rs2419311,None
10,111610382,rs11194892,187
10,111637286,rs550697,187
10,111850503,rs2501574,187
10,112132171,rs7081449,188
10,112134500,rs17127304,188
10,112148651,rs4918503,188
10,112166708,rs7098940,None
10,112191320,rs11195131,None
10,112217707,rs10884981,None
10,112235106,rs5015510,167
10,112246352,rs7911973,167
10,112380329,rs4350299,167
10,112397144,rs11195244,167
10,112415418,rs7904854,167
10,112472103,rs10509928,167
10,112475768,rs1557030,167
10,112519013,rs942074,167
10,112555409,rs11195327,167
10,112557773,rs12356300,167
10,112697241,rs10787292,None
10,112714497,rs7073594,None
10,112833561,rs7096359,None
10,112872557,rs7897445,155
10,112897070,rs7069564,155
10,112901012,rs6585037,None
10,112903806,rs954385,155
10,113077472,rs6585063,154
10,113079536,rs4918639,154
10,113104470,rs7903217,154
10,113139169,rs7098615,148
10,113155506,rs7917960,148
10,113231124,rs4372376,148
10,113445582,rs10885243,148
10,113449034,rs11195680,148
10,113683896,rs17129380,None
10,113847037,rs2804609,None
10,113980294,rs4306236,132
10,113982162,rs4575188,132
10,114007531,rs6585145,132
10,114081995,rs7896275,133
10,114082666,rs10885332,133
10,114197642,rs7070744,133
10,114224676,rs3824625,None
10,114258451,rs10885355,9
10,114316652,rs2028783,9
10,114348466,rs11818906,9
10,114352961,rs7903835,9
10,114365647,rs1536081,9
10,114409015,rs2057577,9
10,114428364,rs2859885,9
10,114440341,rs7906919,9
10,114552639,rs7915497,207
10,114591305,rs12569579,207
10,114687884,rs2148887,58
10,114805860,rs11196203,None
10,114840494,rs11196218,59
10,114859463,rs7085532,59
10,114898093,rs3814573,59
10,114904036,rs7903424,59
10,114923825,rs290481,58
10,114980405,rs7897584,77
10,114980817,rs12258181,77
10,114992431,rs6585212,77
10,115010255,rs7914029,None
10,115034313,rs4444012,77
10,115056097,rs7906302,None
10,115057896,rs2788178,77
10,115058203,rs946199,77
10,115150271,rs568110,None
10,115174263,rs1566866,None
10,115180898,rs10509976,106
10,115188630,rs7910215,106
10,115196019,rs17130385,105
10,115248259,rs1033773,None
10,115264615,rs980069,None
10,115287202,rs1570269,None
10,115316812,rs4918842,105
10,115324358,rs11196379,105
10,115331618,rs911707,None
10,115336758,rs2302374,103
10,115343287,rs2302373,None
10,115343700,rs911704,103
10,115357179,rs885567,103
10,115409840,rs2275799,74
10,115464171,rs3124743,74
10,115508382,rs4394799,74
10,115532108,rs3763795,74
10,115561171,rs10509985,64
10,115565998,rs7071839,64
10,115587010,rs7895170,64
10,115631743,rs6585248,61
10,115644040,rs7913176,61
10,115680935,rs239863,61
10,115685187,rs239865,61
10,115694632,rs11196543,61
10,115697178,rs151598,61
10,115756130,rs82625,None
10,115767540,rs758586,None
10,115792787,rs740746,57
10,115915674,rs11598654,None
10,116003053,rs672785,57
10,116053000,rs12572135,None
10,116122453,rs7907030,None
10,116152354,rs537432,111
10,116156803,rs475150,None
10,116175677,rs4752697,110
10,116183068,rs7075375,110
10,116204776,rs727532,None
10,116252865,rs2475228,111
10,116259930,rs2475230,None
10,116292561,rs2497714,90
10,116323720,rs7923449,90
10,116332770,rs2483567,90
10,116407406,rs11196826,None
10,116409913,rs10885591,116
10,116442618,rs11196869,None
10,116453733,rs882870,None
10,116528294,rs11196905,116
10,116652502,rs10885625,116
10,116658106,rs10787548,116
10,116802563,rs808421,None
10,116843474,rs10885649,134
10,117190413,rs653295,134
10,117303444,rs11197286,142
10,117339523,rs2804192,142
10,117433011,rs1981663,142
10,117433657,rs714849,143
10,117469964,rs7076927,143
10,117473636,rs7069993,143
10,117484461,rs17093513,134
10,117536249,rs2901061,None
10,117548240,rs10490916,None
10,117713221,rs4751940,None
10,117753912,rs180671,91
10,117818842,rs180552,91
10,117838059,rs7893360,91
10,117851318,rs2530343,None
10,117892248,rs3781531,None
10,117895604,rs3781532,80
10,117932193,rs11197567,80
10,117961273,rs3781550,81
10,117991693,rs10787637,81
10,118000945,rs2420255,81
10,118024544,rs2577355,81
10,118035740,rs2532689,81
10,118278528,rs10787704,None
10,118297033,rs12245521,80
10,118355530,rs2305206,80
10,118359989,rs17094995,80
10,118360899,rs3781565,35
10,118360994,rs3781564,35
10,118421376,rs1955164,85
10,118452921,rs12263233,None
10,118493063,rs1638419,85
10,118506755,rs740599,85
10,118522665,rs1665672,85
10,118528593,rs1630816,85
10,118611403,rs1681752,84
10,118643670,rs2257791,84
10,118804993,rs10886031,84
10,118929983,rs1638438,None
10,118966996,rs2619111,84
10,119157485,rs1772810,None
10,119183424,rs181499,129
10,119204344,rs452035,None
10,119234786,rs242966,129
10,119250211,rs242965,128
10,119257454,rs2420459,129
10,119284408,rs12570134,128
10,119315324,rs8181280,128
10,119334794,rs703419,None
10,119341820,rs703361,None
10,119345838,rs181601,None
10,119363679,rs181623,123
10,119364995,rs181632,123
10,119376627,rs181649,123
10,119381386,rs703393,123
10,119388494,rs181672,123
10,119426958,rs855974,None
10,119462812,rs1538080,None
10,119519010,rs1006286,None
10,119528591,rs7897056,117
10,119531719,rs7918427,117
10,119587413,rs4752120,117
10,119620559,rs6585465,None
10,119625944,rs10510036,None
10,119663197,rs7074267,190
10,119663968,rs2246493,190
10,119670998,rs8181443,190
10,119679259,rs2253812,190
10,119692335,rs7069291,190
10,119694504,rs1419141,190
10,119705438,rs1797,190
10,119983056,rs1577074,None
10,120022278,rs10886215,None
10,120038770,rs984428,None
10,120118598,rs236212,None
10,120140127,rs78756,276
10,120154436,rs10490913,276
10,120154866,rs853925,276
10,120164251,rs853943,276
10,120187722,rs1013620,276
10,120198656,rs1970582,None
10,120208008,rs17574963,None
10,120222457,rs4411217,None
10,120231835,rs12571492,None
10,120245474,rs4751662,276
10,120277577,rs667335,275
10,120283292,rs4523612,275
10,120305542,rs17097793,None
10,120311534,rs477874,275
10,120348226,rs1766253,None
10,120361816,rs12767507,None
10,120382875,rs1247158,None
10,120423184,rs873598,271
10,120436448,rs10510045,271
10,120448570,rs3824821,271
10,120572246,rs11596456,None
10,120626562,rs10510050,350
10,120690639,rs11198678,350
10,120690832,rs10886342,350
10,120753933,rs690870,None
10,120774821,rs10749283,421
10,120889022,rs3802739,None
10,120916467,rs2297696,420
10,120917445,rs2275111,421
10,120952674,rs10886416,None
10,120993661,rs4237510,421
10,121013417,rs11198846,None
10,121025097,rs7095989,420
10,121100153,rs4752292,450
10,121114292,rs10886464,450
10,121140321,rs2275036,449
10,121146290,rs7077176,450
10,121157897,rs915110,None
10,121161798,rs4623810,449
10,121180765,rs7076555,449
10,121196062,rs2275040,None
10,121197057,rs11198925,449
10,121207961,rs10749321,449
10,121212405,rs2297641,450
10,121234063,rs2991770,None
10,121259879,rs756279,None
10,121311606,rs7071853,462
10,121328009,rs12246119,None
10,121362660,rs12569630,462
10,121369394,rs2420636,462
10,121394687,rs196272,None
10,121416611,rs196341,463
10,121420922,rs196345,463
10,121440528,rs112029,None
10,121446251,rs1008727,463
10,121462638,rs2223082,463
10,121513063,rs2420642,463
10,121631543,rs2252156,None
10,121715908,rs10736277,None
10,121762190,rs954639,None
10,121792404,rs11594689,493
10,121814553,rs4288683,493
10,121819920,rs10886586,None
10,121825959,rs4415675,494
10,121852519,rs11594353,None
10,121859814,rs1467785,494
10,121863470,rs10510060,None
10,122008026,rs7394051,24
10,122013624,rs7079943,24
10,122033526,rs10510066,24
10,122035486,rs2420680,24
10,122068766,rs10788066,24
10,122073670,rs11199272,24
10,122087833,rs3847499,24
10,122088351,rs3847501,24
10,122099219,rs7075775,24
10,122105511,rs2420699,24
10,122113893,rs997856,24
10,122182111,rs7068076,24
10,122224799,rs10510069,26
10,122264200,rs1536389,26
10,122298030,rs2420724,26
10,122302038,rs978854,26
10,122374644,rs4506553,27
10,122383804,rs2901256,27
10,122392318,rs10788106,27
10,122394214,rs10886730,27
10,122446453,rs4751798,None
10,122448893,rs12570141,26
10,122472364,rs7916658,None
10,122489318,rs2997228,None
10,122501487,rs3011399,None
10,122521706,rs2997254,None
10,122526973,rs7093648,32
10,122555846,rs3011369,None
10,122567702,rs2997312,32
10,122689964,rs1652728,31
10,122710328,rs10886816,None
10,122717705,rs11199681,31
10,122736421,rs4752487,32
10,122759891,rs2260801,31
10,122761091,rs10510088,31
10,122764181,rs2263920,31
10,122821238,rs4752496,29
10,122857963,rs10886849,29
10,123021731,rs7076500,29
10,123067805,rs12411339,None
10,123069717,rs10736302,29
10,123094861,rs11199916,None
10,123165700,rs755698,54
10,123188167,rs11199957,54
10,123198286,rs7911028,54
10,123208881,rs2420936,54
10,123215089,rs10788184,54
10,123325794,rs3135730,None
10,123346190,rs1219648,None
10,123396806,rs1614303,None
10,123431846,rs10510099,101
10,123432188,rs2935713,None
10,123437453,rs2935718,101
10,123443636,rs6585751,101
10,123452085,rs10788197,101
10,123484737,rs2936862,None
10,123486219,rs2936863,None
10,123491643,rs2936875,None
10,123509687,rs1696839,102
10,123540904,rs2420963,102
10,123615028,rs7092052,None
10,123624510,rs10510103,102
10,123627512,rs4752614,102
10,123740377,rs11200306,None
10,123770094,rs6585776,102
10,123780378,rs17102867,None
10,123817654,rs7894692,None
10,123839549,rs2461224,67
10,123842523,rs11200385,67
10,123851369,rs10788238,67
10,123862706,rs11595073,None
10,123882956,rs10887082,None
10,123908325,rs7097751,None
10,123912338,rs4752662,None
10,123933923,rs10788257,None
10,123980108,rs6585804,None
10,123991774,rs10788262,373
10,124021200,rs7081032,373
10,124035694,rs7893461,None
10,124036619,rs10788271,373
10,124050575,rs11592545,None
10,124106759,rs11595694,403
10,124123470,rs11200583,403
10,124132188,rs4751889,None
10,124201665,rs2292627,403
10,124237612,rs4752700,402
10,124246862,rs2268347,None
10,124249235,rs2239586,402
10,124255340,rs10887154,402
10,124457452,rs2947594,401
10,124476677,rs884644,401
10,124505217,rs12411856,401
10,124512091,rs11248487,401
10,124515520,rs10751758,None
10,124539718,rs1970473,None
10,124548859,rs7896663,None
10,124638827,rs4638251,451
10,124686656,rs10794579,None
10,124704149,rs6599638,451
10,124779296,rs10902861,451
10,124805633,rs4128783,452
10,124827165,rs4980248,451
10,124844651,rs7094941,452
10,124851234,rs2421170,452
10,124852915,rs7074044,452
10,124872514,rs4980259,None
10,124951379,rs4980270,None
10,124981862,rs6599666,410
10,124991723,rs4131048,423
10,125031183,rs7916600,410
10,125089808,rs17588325,None
10,125109478,rs7906403,None
10,125157288,rs913521,None
10,125167670,rs12415740,423
10,125185442,rs845102,423
10,125215290,rs705137,423
10,125245356,rs7907856,None
10,125251675,rs705162,423
10,125260923,rs7897598,423
10,125266207,rs6599700,423
10,125296372,rs10902947,422
10,125377212,rs841015,422
10,125396161,rs10902967,422
10,125402461,rs1228412,422
10,125415905,rs3850766,422
10,125422121,rs1122370,422
10,125447705,rs1878166,422
10,125481863,rs4980206,422
10,125491860,rs8181355,422
10,125504915,rs7918257,422
10,125522409,rs7909042,None
10,125527460,rs1219732,422
10,125530746,rs727416,422
10,125560271,rs750492,None
10,125601457,rs7924189,None
10,125709109,rs7096722,None
10,125750525,rs9422277,25
10,125849425,rs4397783,25
10,125924595,rs7905355,None
10,125932457,rs7907696,None
10,125944772,rs6597799,None
10,125995771,rs7082638,65
10,126003837,rs11245493,65
10,126031474,rs7911910,65
10,126052440,rs867997,65
10,126102896,rs12252469,66
10,126128552,rs1710563,66
10,126135262,rs1399928,66
10,126163164,rs11245086,None
10,126169373,rs7070581,55
10,126212150,rs12767413,55
10,126217563,rs17151975,55
10,126245041,rs7915771,55
10,126254468,rs10901761,None
10,126284935,rs7898793,55
10,126290050,rs897293,55
10,126383363,rs4450131,55
10,126411924,rs10794178,55
10,126554570,rs2629544,55
10,126575210,rs12247671,56
10,126629204,rs7074163,56
10,126727268,rs11599762,56
10,126739338,rs718948,None
10,126743096,rs7893862,None
10,126776488,rs1152659,50
10,126788191,rs1152686,50
10,126818270,rs10510141,51
10,126846214,rs1915146,51
10,126885159,rs7909594,None
10,126914502,rs9285980,None
10,126914896,rs17152738,107
10,127057080,rs12762641,None
10,127168157,rs3847459,None
10,127244526,rs4962311,107
10,127255373,rs7084723,107
10,127264189,rs7083854,107
10,127280109,rs2365818,107
10,127325562,rs10901411,None
10,127444650,rs10901423,20
10,127626702,rs7070013,20
10,127656067,rs7907300,None
10,127693203,rs7897850,20
10,127768110,rs1380439,20
10,127769598,rs985462,20
10,127827684,rs7896870,17
10,127833685,rs1624391,17
10,127851530,rs1676741,17
10,127869478,rs1278377,21
10,127889157,rs2930125,21
10,127895098,rs6597745,None
10,127948079,rs6597753,18
10,127958529,rs12251014,18
10,127975335,rs2366698,18
10,127997303,rs9422969,18
10,128008557,rs10901590,None
10,128021575,rs10901596,None
10,128153623,rs7079392,None
10,128191368,rs10510159,None
10,128203545,rs4962566,None
10,128232460,rs7904837,None
10,128240277,rs7916733,None
10,128255032,rs7067739,None
10,128273149,rs10901639,None
10,128291437,rs2842164,None
10,128335225,rs2842149,10
10,128343567,rs2366867,11
10,128354226,rs10736875,10
10,128390546,rs11245105,11
10,128400379,rs10901666,None
10,128404888,rs7905277,None
10,128466845,rs10901701,None
10,128487203,rs7090934,None
10,128553795,rs7074496,40
10,128569545,rs9422843,40
10,128598629,rs7474861,None
10,128774872,rs10830183,None
10,128779958,rs10741150,None
10,128788311,rs4500401,None
10,128808295,rs11017814,None
10,128847220,rs7092964,None
10,128858508,rs6482980,None
10,128880582,rs7068057,48
10,128886284,rs7895398,48
10,129005720,rs928571,48
10,129015005,rs10829597,49
10,129025576,rs1186361,49
10,129034251,rs2489425,None
10,129041541,rs7077776,49
10,129096856,rs12767483,None
10,129096956,rs2766032,45
10,129119593,rs12146386,45
10,129168894,rs10765017,44
10,129186195,rs11017780,44
10,129186924,rs2148379,44
10,129192987,rs7894462,None
10,129200463,rs10829972,None
10,129245967,rs873185,None
10,129284365,rs10830099,42
10,129289558,rs7090712,42
10,129315562,rs7085844,42
10,129333397,rs7094852,None
10,129366558,rs1547321,42
10,129373991,rs971175,42
10,129400615,rs7082785,None
10,129476525,rs7912681,None
10,129594596,rs10830179,43
10,129602871,rs1887018,43
10,129617888,rs7901629,43
10,129623851,rs7905689,43
10,129630873,rs518525,43
10,129652787,rs1000797,None
10,129676169,rs2296785,None
10,129692293,rs2148895,88
10,129730027,rs3824761,88
10,129740668,rs12769331,88
10,129753712,rs7922467,None
10,129760613,rs747715,None
10,129789784,rs4531377,115
10,129803120,rs7085243,None
10,129816246,rs7089539,127
10,129822049,rs7900939,127
10,129825454,rs10764735,127
10,129851621,rs10829321,None
10,129871795,rs11016053,141
10,129879700,rs2096285,140
10,129882119,rs1127299,None
10,129888727,rs10764747,140
10,129899578,rs8473,140
10,129901393,rs11016071,140
10,129907489,rs2853344,115
10,129958296,rs7906241,141
10,129984460,rs7076143,141
10,129998372,rs1329189,None
10,130074063,rs7900125,124
10,130084909,rs2387608,124
10,130092362,rs11595866,124
10,130098969,rs2244545,124
10,130107905,rs2254606,124
10,130121584,rs731092,125
10,130160426,rs12246905,124
10,130205063,rs950047,124
10,130210370,rs946536,125
10,130226289,rs2387859,125
10,130233808,rs10764775,125
10,130248926,rs9804317,None
10,130272033,rs7096455,None
10,130289519,rs7915794,96
10,130291738,rs7893667,96
10,130294844,rs1541175,96
10,130353231,rs7898393,79
10,130392132,rs10829443,79
10,130439482,rs7098205,79
10,130452507,rs12360327,79
10,130511895,rs1327012,12
10,130518417,rs913170,12
10,130543960,rs7910094,None
10,130553741,rs7090877,12
10,130565555,rs10128290,None
10,130588415,rs10829495,13
10,130589876,rs472752,13
10,130611022,rs10741165,13
10,130632974,rs7091108,13
10,130761949,rs10829531,None
10,130778452,rs7086428,38
10,130784324,rs10491032,38
10,130793666,rs12357147,38
10,130804671,rs992574,38
10,130812555,rs1869251,38
10,130817977,rs914573,38
10,130839012,rs10829553,38
10,130859801,rs10829565,37
10,130860965,rs1377273,37
10,130863266,rs1888874,None
10,130882099,rs12269683,37
10,130900389,rs2039372,39
10,130947838,rs10128422,39
10,130952994,rs10734083,None
10,131041657,rs476628,None
10,131056779,rs11016723,None
10,131060844,rs2803458,None
10,131093567,rs2246405,None
10,131128952,rs2542615,7
10,131129656,rs2622436,7
10,131147692,rs2676441,7
10,131160866,rs2111627,8
10,131172666,rs12253191,8
10,131188383,rs2542642,8
10,131203805,rs1771445,None
10,131250665,rs1762444,None
10,131475845,rs7095819,5
10,131483282,rs2039374,5
10,131485345,rs11016877,5
10,131493946,rs7073892,5
10,131502448,rs1978759,5
10,131507505,rs4751113,5
10,131519274,rs748190,4
10,131583388,rs4750773,4
10,131587140,rs3750832,4
10,131594850,rs1887181,None
10,131626650,rs7911165,4
10,131633463,rs3763758,None
10,131641242,rs7895783,6
10,131675252,rs7076708,None
10,131675444,rs6482761,6
10,131688008,rs944963,None
10,131701925,rs4751143,6
10,131721056,rs11598130,6
10,131726740,rs10829661,6
10,131741604,rs4751153,None
10,131753010,rs10829665,104
10,131760352,rs573370,104
10,131772971,rs7099076,104
10,131802533,rs7910342,104
10,131887319,rs942675,None
10,131926121,rs11017093,None
10,131949021,rs12415867,174
10,131961891,rs7904722,174
10,131984960,rs7906617,174
10,132003803,rs10764942,174
10,132012962,rs11017144,175
10,132043419,rs7094199,175
10,132052161,rs12242542,175
10,132072271,rs7909507,175
10,132096167,rs11017185,175
10,132121961,rs12247973,None
10,132145351,rs359080,None
10,132147366,rs7914348,175
10,132168065,rs11017221,None
10,132218466,rs4751204,109
10,132262631,rs416737,109
10,132267750,rs88722,109
10,132273788,rs11597160,109
10,132300535,rs1475779,109
10,132328529,rs11017313,109
10,132342752,rs915206,109
10,132360110,rs7910053,109
10,132384335,rs7070951,None
10,132468412,rs7917753,None
10,132491701,rs2939924,173
10,132526482,rs7089879,None
10,132583456,rs4397751,173
10,132598275,rs7085125,172
10,132615497,rs1655178,172
10,132626327,rs7088120,None
10,132673234,rs1655152,172
10,132676113,rs7902465,161
10,132682729,rs4751295,None
10,132694631,rs11017550,161
10,132708309,rs7072329,None
10,132714218,rs7099843,161
10,132721599,rs10829844,161
10,132727601,rs2397395,161
10,132742585,rs1655118,161
10,132795062,rs4622176,None
10,132846150,rs12416478,None
10,132894844,rs7073264,None
10,132924946,rs1106524,None
10,132944167,rs11017755,89
10,132948840,rs7081792,89
10,132962633,rs12570210,None
10,132985051,rs2944462,None
10,133004468,rs2918125,None
10,133036876,rs11599122,308
10,133056128,rs2918091,308
10,133108761,rs1438507,None
10,133120700,rs2397769,None
10,133125924,rs7078641,None
10,133132032,rs7093992,322
10,133137016,rs11591724,None
10,133139043,rs7090413,None
10,133153053,rs11017904,None
10,133158421,rs7900159,322
10,133194410,rs7893895,None
10,133212223,rs10830004,356
10,133217630,rs4751388,None
10,133231622,rs3922590,None
10,133235583,rs3125535,None
10,133237375,rs3125537,356
10,133256404,rs3123154,356
10,133316452,rs7922424,None
10,133326536,rs11018019,355
10,133336844,rs10765087,355
10,133355589,rs7071307,355
10,133368824,rs11018057,None
10,133458722,rs4993019,317
10,133461663,rs10782374,317
10,133471888,rs3924169,None
10,133491775,rs9419615,317
10,133493141,rs4545466,317
10,133501535,rs9419689,317
10,133532269,rs7083395,317
10,133534822,rs9419624,None
10,133569448,rs4307646,316
10,133575396,rs7095978,316
10,133590090,rs11156470,316
10,133637385,rs7893330,316
10,133647554,rs11156481,None
10,133745628,rs7072006,None
10,133750141,rs7085239,None
10,133798428,rs7098827,None
10,133817742,rs11596895,None
10,133831989,rs9419257,None
10,133858767,rs9419165,None
10,133880163,rs4880317,446
10,133884354,rs11146145,446
10,133911868,rs9419184,None
10,133942779,rs1491192,446
10,133943951,rs902634,446
10,133948347,rs2814183,446
10,133977531,rs7915260,446
10,133996225,rs2637648,None
10,134002767,rs2101613,446
10,134045675,rs4880352,446
10,134069351,rs12764265,None
10,134079092,rs10781565,445
10,134105957,rs10870288,445
10,134118000,rs2492651,445
10,134124871,rs7894429,445
10,134134703,rs12570033,445
10,134146811,rs7099831,445
10,134219852,rs12242690,445
10,134232065,rs10870304,None
10,134267284,rs7922380,None
10,134272808,rs6560698,415
10,134281537,rs4593926,415
10,134305663,rs7894289,415
10,134325083,rs10781577,415
10,134352620,rs11818345,None
10,134466163,rs10781583,None
10,134607938,rs7096226,None
10,134616641,rs2767438,389
10,134705373,rs7907613,389
10,134754297,rs4242712,389
10,134872169,rs11591580,None
10,134884595,rs4271313,None
10,134913358,rs11101925,None
10,134947643,rs4838698,None
10,134968464,rs7923021,395
10,134971602,rs4326710,395
10,135003724,rs11101622,None
10,135086380,rs3008324,396
10,135141572,rs2298122,396
10,135146714,rs11101694,None
10,135204799,rs6537600,383
10,135223323,rs7918164,396
10,135278193,rs2492654,383
10,135343738,rs915906,383
